date,kind,quiet_before,period,regime,weekday,volatility,daily_confidence,changes_4h,level_standard,slope_standard,level_no_confidence,slope_no_confidence,level_direction_only,slope_direction_only
2021-01-05,stable,True,train,Bullish,1,0.21378624047824146,0.9999999994021374,2,70.6440468756802,-4.080516534118345,70.32903439153439,-3.645833333333343,71.45850304178663,-6.5238850324376045
2021-01-06,stable,True,train,Bullish,2,0.23460211306370993,0.9999999999999968,1,68.88482025204844,-16.53610962048345,68.70866402116401,-15.99702380952381,68.88482025204844,-16.53610962048345
2021-01-07,stable,True,train,Bullish,3,0.20040355168534169,1.0,0,62.0384993426876,-5.200016444376033,62.12797619047618,-4.960317460317455,62.0384993426876,-5.200016444376033
2021-01-08,stable,True,train,Bullish,4,0.2379201017710312,1.0,0,59.08512765400752,-7.662951729263256,59.325396825396815,-7.192460317460309,59.08512765400752,-7.662951729263256
2021-01-09,stable,True,train,Bullish,5,0.3283517333697115,1.0,0,59.366126251778915,4.845848900913197,59.61474867724866,4.613095238095234,59.366126251778915,4.845848900913197
2021-01-10,stable,True,train,Bullish,6,0.30284289130439956,1.0,1,58.94332679326802,2.3917002461315775,59.00297619047618,1.6121031746031704,58.946172374659064,2.4002369903047125
2021-01-11,stable,True,train,Bullish,0,0.3694723968535099,1.0,2,62.17616458420091,1.192565850221257,61.83862433862433,0.4464285714285765,62.17901016559196,1.192565850221257
2021-01-12,stable,True,train,Bullish,1,0.6572203955436537,1.0,2,62.35324375956577,6.645484802540402,61.98743386243385,6.894841269841265,62.35608934095681,6.636948058367267
2021-01-13,stable,True,train,Bullish,2,0.6985992582597391,1.0,1,64.47544267843598,-0.9402163700564614,64.21957671957671,-0.19841269841269593,64.47544267843598,-0.9402163700564614
2021-01-14,stable,True,train,Bullish,3,0.6327603686482687,1.0,0,61.688395925628804,-7.699811934294836,61.75595238095237,-7.390873015873005,61.688395925628804,-7.699811934294836
2021-01-15,stable,True,train,Bullish,4,0.564248746617861,1.0,0,58.70173840374135,-8.681084519732607,58.730158730158735,-8.878968253968246,58.70173840374135,-8.681084519732607
2021-01-16,stable,True,train,Bullish,5,0.6471051581616114,1.0,0,57.30021906729064,3.2163658790129546,57.25033068783068,2.7529761904761827,57.30021906729064,3.2163658790129546
2021-01-17,stable,True,train,Bullish,6,0.6019373558291041,1.0,0,55.836910863186624,-3.1297639809445243,55.67956349206349,-3.025793650793659,55.836910863186624,-3.1297639809445243
2021-01-18,stable,True,train,Bullish,0,0.5807165598408082,1.0,1,57.23958674020481,-0.2684988793259251,57.06845238095238,-0.27281746031745513,57.23958674020481,-0.2684988793259251
2021-01-19,stable,True,train,Bullish,1,0.5277691986171321,1.0,3,60.98499212857783,18.842506656444066,61.08630952380952,19.51884920634921,60.98499212857783,18.842506656444066
2021-01-20,stable,True,train,Bullish,2,0.4774763041860429,1.0,4,64.18830465745694,2.2721459746382564,64.29398148148148,2.430555555555557,64.18830465745694,2.2721459746382564
2021-01-21,stable,True,train,Bullish,3,0.4869829088396671,1.0,3,64.5740099420682,-10.347599190611227,64.78174603174604,-10.86309523809524,64.5740099420682,-10.347599190611227
2021-01-22,stable,True,train,Bullish,4,0.7858848628456712,0.9999999992571399,1,62.25231101114773,2.26747227704535,62.25198412698413,2.3065476190476204,62.25231101114773,2.26747227704535
2021-01-23,stable,True,train,Bullish,5,0.7204510036936863,1.0,0,61.1394899720024,-2.2234329966314945,61.1276455026455,-2.4057539682539684,61.1394899720024,-2.2234329966314945
2021-01-24,stable,True,train,Bullish,6,0.6806060736218604,0.9999999999999999,0,60.25610581464738,-6.032654869914943,60.19345238095238,-6.076388888888893,60.25610581464738,-6.032654869914943
2021-01-25,stable,True,train,Bullish,0,0.571359693857429,1.0,1,62.09279213154769,11.115994345182301,61.87996031746032,10.739087301587311,62.09279213154769,11.115994345182301
2021-01-26,stable,True,train,Bullish,1,0.6405589534509264,1.0,2,60.60758407689709,-4.02890468851821,60.38359788359788,-4.092261904761905,60.60758407689709,-4.02890468851821
2021-01-27,stable,True,train,Bullish,2,0.5911136091598045,1.0,2,61.744634689845725,-8.131561981769963,60.89616402116402,-9.598214285714299,61.744634689845725,-8.131561981769963
2021-01-28,stable,True,train,Bullish,3,0.6953417079286232,0.9999999999994922,1,59.76673885893367,9.637931016397893,58.11011904761904,6.870039682539684,59.76673885893367,9.637931016397893
2021-01-29,stable,True,train,Bullish,4,0.6192041777166569,1.0,1,59.77552162448672,-7.413708230704955,58.07705026455026,-5.729166666666657,59.77552162448672,-7.413708230704955
2021-01-30,stable,True,train,Bullish,5,0.5787419546482366,1.0,1,60.09464909449156,-1.2404920790192548,59.317129629629626,2.4801587301587276,60.09464909449156,-1.2404920790192548
2021-01-31,stable,True,train,Bullish,6,0.5430268074168604,1.0,1,61.53519438490277,13.933218590972373,61.524470899470906,13.591269841269842,61.53519438490277,13.933218590972373
2021-02-01,stable,True,train,Bullish,0,0.5685094763830035,0.9999999999997209,2,63.238672264052774,-3.2606570032694933,62.72321428571428,-5.853174603174608,63.238672264052774,-3.2606570032694933
2021-02-02,stable,True,train,Bullish,1,0.5036810496160937,0.9999999999999992,3,59.32113863041704,-17.314728851160105,58.573082010582006,-16.592261904761905,59.84932100995698,-15.730181712540272
2021-02-03,stable,True,train,Bullish,2,0.43145669986190904,1.0,3,63.90254584991116,22.56700661200479,63.39285714285714,24.454365079365083,64.4307282294511,22.56700661200479
2021-02-04,stable,True,train,Bullish,3,0.34160341894954555,1.0,1,71.79792120796158,32.17806997178892,71.5112433862434,30.952380952380956,72.32610358750152,30.59352283316909
2021-02-05,stable,True,train,Bullish,4,0.38025754009759555,1.0,0,77.7630619524666,-13.163528276127394,77.27347883597884,-13.764880952380949,77.7630619524666,-13.163528276127394
2021-02-06,stable,True,train,Bullish,5,0.3172428071166539,1.0,0,77.04213952369808,-3.2818867484519814,76.22354497354497,-3.0505952380952266,77.04213952369808,-3.2818867484519814
2021-02-07,stable,True,train,Bullish,6,0.3183189342976964,1.0,0,72.47268496773097,0.5742840703724852,71.99900793650794,0.9920634920634939,72.47268496773097,0.5742840703724852
2021-02-08,stable,True,train,Bullish,0,0.3864472627947592,1.0,1,67.87512060854037,-24.793454067393697,67.55952380952381,-23.93353174603177,67.87512060854037,-24.793454067393697
2021-02-09,stable,True,train,Bullish,1,0.32963828289556957,1.0,2,64.3147038974093,-0.2547732139437926,64.07903439153439,-0.8184523809523796,64.3147038974093,-0.2547732139437926
2021-02-10,stable,True,train,Bullish,2,0.29545289189681695,1.0,2,68.19546138173799,26.009249600930374,67.66699735449735,25.07440476190478,68.19546138173799,26.009249600930374
2021-02-11,stable,True,train,Bullish,3,0.3138476518236543,1.0,1,73.66772840586715,2.3045971383869954,73.12334656084657,2.8769841269841265,73.66772840586715,2.3045971383869954
2021-02-22,transition,True,train,Bullish,0,0.09713034883521049,0.9997051753735305,3,63.24404031406093,-13.646552058835091,62.78935185185185,-14.285714285714292,63.2459055390431,-13.6409563838886
2021-02-25,transition,False,train,Volatile,3,0.5331003184822641,0.999579059461978,2,66.37816927077817,-11.932376407075914,65.6001984126984,-9.399801587301589,66.37816927077817,-11.932376407075914
2021-03-11,transition,True,train,Bearish,3,0.28232471213793275,0.7706814292141411,0,79.10524275918849,-23.32686218756625,78.49702380952381,-23.214285714285722,79.10524275918849,-23.32686218756625
2021-03-19,stable,True,train,Volatile,4,0.20980424310199142,0.9998494345543733,2,52.702105027427905,6.729425953869928,52.30654761904762,5.952380952380956,60.61237675000742,9.142598571402353
2021-03-20,stable,True,train,Volatile,5,0.1749088154913498,0.9998958145964193,3,56.986987010971355,8.219228033637776,56.67989417989418,7.539682539682545,63.96255664782286,-3.259525292798898
2021-03-21,stable,True,train,Volatile,6,0.1400088014789439,0.9999172963057285,3,68.11318647189727,31.284590345900348,67.13789682539682,31.001984126984127,70.79242981000304,24.657085901383425
2021-03-22,stable,True,train,Volatile,0,0.11893327039255287,0.9998882458388779,1,71.40680581358724,3.755638028309505,70.77546296296298,3.7450396825396766,71.87688100352072,2.3454124585090597
2021-03-23,stable,True,train,Volatile,1,0.19178255124988336,0.9999771625001093,1,74.73344260461138,-15.179459976067477,74.18981481481482,-13.591269841269849,76.30263767240027,-10.47187477270083
2021-03-24,stable,True,train,Volatile,2,0.16689409493114324,0.9998916213708092,1,62.551674712551886,-15.141571355348077,62.425595238095234,-15.20337301587302,64.95279717489557,-12.645789171683674
2021-03-25,stable,True,train,Volatile,3,0.26410758093586467,0.999817980692355,1,58.46782476805587,-18.475822178250972,58.27546296296296,-18.948412698412696,62.15393829298656,-19.328434193856623
2021-03-26,stable,True,train,Volatile,4,0.2293999359833639,0.9996457649210825,0,55.709643922589045,13.09130116371054,55.39021164021164,13.045634920634932,58.66957550382983,13.124558352343087
2021-04-03,transition,True,train,Volatile,5,-0.0727228590320851,0.5647269430919639,0,78.55102605256758,11.6526954087049,77.86871693121694,12.30158730158729,78.55102605256758,11.6526954087049
2021-04-11,stable,True,train,Bullish,6,-0.051578217304487126,0.9970424754635592,2,58.67490922012441,28.126499780898477,58.16798941798942,28.249007936507937,68.41827401019931,22.035909025280077
2021-04-19,transition,True,train,Bullish,0,0.13463637933751746,0.9696008666349719,2,61.81790256251988,-1.5983870303999623,60.7390873015873,-0.7192460317460387,61.917140270400544,-1.5983870303999623
2021-05-04,stable,True,train,Bullish,1,-0.02262606092377998,0.9999999999999996,0,81.24628181431285,9.316325083768703,80.77050264550265,9.74702380952381,81.24628181431285,9.316325083768703
2021-05-05,stable,True,train,Bullish,2,0.08800407630252448,0.9999999999999927,1,74.96781605108278,-6.88004922553214,74.66931216931216,-7.118055555555557,74.96781605108278,-6.88004922553214
2021-05-06,stable,True,train,Bullish,3,0.044880714610726354,1.0,3,71.83452563265783,-30.671544403201587,71.04001322751323,-31.820436507936513,71.83834867349707,-30.660075280683913
2021-05-07,stable,True,train,Bullish,4,0.05476163632367873,1.0,4,66.76187516789584,12.93377097917287,65.88128306878308,12.57440476190476,66.76569820873506,12.93377097917287
2021-05-08,stable,True,train,Bullish,5,0.05923072250865776,1.0,3,68.9474199323381,9.076456323069486,68.05555555555556,10.292658730158742,68.95124297317732,9.064987200551812
2021-05-09,stable,True,train,Bullish,6,0.026157760406959163,1.0,1,74.61643942106663,1.5534654572700504,73.8343253968254,0.9920634920634939,74.61643942106663,1.5534654572700504
2021-05-10,stable,True,train,Bullish,0,0.023779512697528617,1.0,0,76.07835283172047,10.762876917807603,75.43816137566138,10.863095238095227,76.07835283172047,10.762876917807603
2021-05-11,stable,True,train,Bullish,1,0.10268182735845163,1.0,0,80.81507540709252,6.279565582999979,80.10085978835978,6.944444444444443,80.81507540709252,6.279565582999979
2021-05-19,transition,True,train,Bullish,2,0.5584222844174819,0.9864148905799835,0,64.1037414156167,-15.176011312834333,63.92195767195767,-14.632936507936506,64.1037414156167,-15.176011312834333
2021-05-27,stable,True,train,Bearish,3,0.9749241643006924,0.9999999999998552,0,62.48262391256123,-4.716504306071357,62.524801587301575,-4.613095238095241,62.48262391256123,-4.716504306071357
2021-05-28,stable,True,train,Bearish,4,0.9865514381731174,1.0,1,60.72439584174407,-4.623745626104743,60.66468253968253,-4.910714285714278,60.72439584174407,-4.623745626104743
2021-05-29,stable,True,train,Bearish,5,1.1097309305195773,1.0,2,60.48138304120533,3.336527318108395,59.89583333333332,1.6369047619047663,60.48138304120533,3.336527318108395
2021-05-30,stable,True,train,Bearish,6,1.1513121606546088,1.0,2,60.641455244899134,1.0383965174615213,60.028108465608454,1.364087301587304,60.641455244899134,1.0383965174615213
2021-05-31,stable,True,train,Bearish,0,1.0790885045347391,1.0,1,59.96338446280894,-5.928919570759085,59.341931216931215,-4.662698412698411,59.96338446280894,-5.928919570759085
2021-06-01,stable,True,train,Bearish,1,0.9483365119318431,0.9999999999796492,0,58.82007228764767,-0.5736258184568257,58.589616402116405,-1.0168650793650755,58.82007228764767,-0.5736258184568257
2021-06-02,stable,True,train,Bearish,2,0.9331456820632893,0.9999999999926895,0,57.48810566224619,-0.9232910124723617,56.92791005291005,-1.5625,57.48810566224619,-0.9232910124723617
2021-06-03,stable,True,train,Bearish,3,0.8761377966486252,0.9999995865942446,1,62.7532796962789,13.296539056822908,61.98743386243385,12.772817460317455,62.7532796962789,13.296539056822908
2021-06-04,stable,True,train,Bearish,4,0.7862205676565437,0.9999777324136162,1,69.76667316861183,24.462454474746416,68.91534391534391,24.75198412698414,69.76667316861183,24.462454474746416
2021-06-05,stable,True,train,Bearish,5,0.8266529326701708,0.9999980134171569,3,69.17986748048384,-18.47923017895453,68.46891534391534,-18.08035714285714,69.17986748048384,-18.47923017895453
2021-06-06,stable,True,train,Bearish,6,0.8245276430144133,0.99999992321377,4,69.70011536178083,-6.182897716284927,69.22123015873017,-5.753968253968267,69.70497129806743,-6.168329907425104
2021-06-07,stable,True,train,Bearish,0,0.744209551221568,0.9999903732851649,4,59.69914117281646,-3.780051027762674,59.366732804232804,-3.4722222222222214,61.78708136730521,2.4692017468437655
2021-06-08,stable,True,train,Bearish,1,0.7695483156871279,0.9999999911506212,4,64.88529484982939,-4.481512791806708,64.74041005291006,-4.216269841269835,67.34726821802558,-3.3739810795442224
2021-06-09,stable,True,train,Bearish,2,0.7901969685732779,0.9999999999478738,3,64.92544728752101,23.940482163683043,64.98842592592592,24.553571428571423,67.39534873974621,17.729581450023424
2021-06-10,stable,True,train,Bearish,3,0.7154808617836609,0.9999998909725184,4,69.2492365986454,-6.367144125428283,69.61805555555554,-5.70436507936509,69.63605379266845,-7.489243646550591
2021-06-11,stable,True,train,Bearish,4,0.7386571881632752,0.9999999998771886,2,62.99182621865427,-23.374201244855016,63.43419312169312,-23.51190476190476,63.091436794999936,-23.152073637711638
2021-06-12,stable,True,train,Bearish,5,0.7512653948768787,0.9999999999999972,1,55.75373689480355,-10.745153741242262,56.03505291005291,-11.532738095238088,56.65644264671352,-8.297516153602537
2021-06-13,stable,True,train,Bearish,6,0.7147408524905153,0.9999999999983674,0,54.943044958648024,9.973011206078553,54.97685185185185,9.672619047619044,56.4442579083017,11.50805313121947
2021-06-14,stable,True,train,Bearish,0,0.6379893547560144,0.9999997707967971,0,55.253481114457024,-0.7286248058758815,55.357142857142854,-0.17361111111111427,57.263000251875745,-1.390864162130299
2021-06-15,stable,True,train,Bearish,1,0.5674958147070818,0.9999846757744235,0,52.986232902500774,-15.1148225686444,53.00925925925926,-15.401785714285708,56.817420804634615,-8.997700280090456
2021-06-16,stable,True,train,Bearish,2,0.5395804967477636,0.9999823862325558,1,54.82667450446889,14.563027544555894,54.77843915343916,13.839285714285722,58.318448412009296,13.554908922621415
2021-06-17,stable,True,train,Bearish,3,0.588477858295181,0.9999999843490872,2,56.83891451717409,12.109839868108438,56.48974867724868,12.003968253968239,59.73555568091939,4.197195986323379
2021-06-18,stable,True,train,Bearish,4,0.5530685923058526,0.9999994758643085,2,58.079228112429796,-16.91520658878163,57.96130952380952,-16.29464285714286,60.69538593414631,-10.62129234253375
2021-06-19,stable,True,train,Bearish,5,0.5988945279275727,0.9999999999568271,2,54.8586583848583,-1.1354016762741637,54.80324074074073,-0.768849206349195,58.03490815175751,1.3221537687247533
2021-06-20,stable,True,train,Bearish,6,0.5880860705036244,0.9999999999957836,2,54.588110284027415,7.577254779848644,54.695767195767196,7.26686507936509,58.51022323495126,2.7436504762238485
2021-06-21,stable,True,train,Bearish,0,0.5412135910878979,0.9999999919902897,4,56.74016601482483,-0.7973302136749183,56.55588624338625,-1.2400793650793673,58.77945669134957,-1.832158626172415
2021-06-22,stable,True,train,Bearish,1,0.7506249391596371,1.0,4,59.43326702233919,7.755545648761611,59.25925925925926,7.663690476190467,60.65337255053097,5.517956096687698
2021-06-23,stable,True,train,Bearish,2,0.7581347946644604,1.0,3,60.44127564757099,4.145113463151802,60.284391534391524,4.761904761904759,60.915517991738135,2.7223864306503813
2021-06-24,stable,True,train,Bearish,3,0.6951047639585216,1.0,1,62.98151487265489,-1.255915560966308,62.83068783068783,-1.7113095238095184,62.98151487265489,-1.255915560966308
2021-06-25,stable,True,train,Bearish,4,0.6523857200045351,1.0,1,62.68292706865213,3.8357563610579035,62.4834656084656,3.5466269841269877,62.907558244415235,4.509649888347241
2021-06-26,stable,True,train,Bearish,5,0.7378543982212692,1.0,2,62.46403002738913,-4.132295335888877,61.789021164021165,-4.960317460317469,63.03806543453562,-3.084082641738746
2021-06-27,stable,True,train,Bearish,6,0.6912961078974452,1.0,3,63.73768626006184,3.460816549060141,63.17791005291006,3.4970238095238244,64.31172166720835,2.7869230217708036
2021-06-28,stable,True,train,Bearish,0,0.5816987992780532,0.9999999999999983,3,58.54209075165687,-11.094339040368041,58.63095238095239,-8.010912698412696,60.62145801080167,-6.952662651233908
2021-06-29,stable,True,train,Bearish,1,0.5099846594964517,0.9999999900671934,2,54.74570899721766,-19.342409297224663,55.340608465608476,-18.99801587301588,56.54781070506891,-19.125993256955155
2021-07-07,transition,True,train,Bearish,2,0.24843793549176468,0.5080803859140081,2,64.80370861227904,-22.575424217801753,64.2361111111111,-24.181547619047613,65.05987106005769,-21.806936874465798
2021-07-15,stable,True,train,Volatile,3,0.226004727796258,0.9995827955303295,1,58.5740995956175,-19.406541229156304,58.02744708994709,-19.717261904761905,62.68796115503297,-13.372583070870718
2021-07-16,stable,True,train,Volatile,4,0.2509622641411046,0.9994118771051912,0,51.0098446517107,-2.8481047385227285,50.60350529100529,-2.901785714285708,57.15852112149576,-3.0510558785507413
2021-07-17,stable,True,train,Volatile,5,0.24783102257840023,0.9989886281211328,0,50.30930756612023,-2.539730120812763,50.0,-1.463293650793652,55.81552092108626,-4.1936817524186765
2021-07-18,stable,True,train,Volatile,6,0.19234294568365132,0.9997099676234087,0,49.52328420964506,0.928153533138584,49.45436507936508,0.9176587301587276,58.29474520117671,10.653409870012283
2021-07-19,stable,True,train,Volatile,0,0.16711482180373172,0.9998967174810997,0,49.062164016160985,-2.1298540622035844,49.0162037037037,-2.4057539682539684,60.17202748531053,6.6097915750792
2021-07-20,stable,True,train,Volatile,1,0.18392827302613754,0.9998544755012684,0,49.49607190711376,1.1200636214710684,49.33035714285714,1.1160714285714306,62.92746258092891,-3.365049305834873
2021-07-21,stable,True,train,Volatile,2,0.19116532107930367,0.9996591429005378,0,49.15278265487235,1.2816463568666023,48.98313492063492,1.1904761904761898,58.61742694427863,-7.908543892340035
2021-07-22,stable,True,train,Volatile,3,0.1317925887496597,0.9992465113589916,1,52.70319446858419,7.219657706073647,52.5462962962963,7.341269841269842,58.058914331416624,-3.332051550361953
2021-07-30,transition,True,train,Volatile,4,-0.1341765791875962,0.9840982819818617,0,64.85721316285755,-11.235222427915517,63.91369047619048,-10.168650793650798,64.85721316285755,-11.235222427915517
2021-08-07,stable,True,train,Bullish,5,-0.1563002849733539,1.0,1,71.60178012391792,2.220242738087009,71.5112433862434,1.1408730158730123,72.06583025979903,0.8280923304436953
2021-08-08,stable,True,train,Bullish,6,-0.19831778478235082,1.0,0,77.91317834432506,19.636079271270944,77.33134920634922,19.246031746031733,77.91317834432506,19.636079271270944
2021-08-09,stable,True,train,Bullish,0,-0.13193866932785736,1.0,0,77.58266013625462,-3.9136819723478453,76.84358465608466,-4.389880952380949,77.58266013625462,-3.9136819723478453
2021-08-10,stable,True,train,Bullish,1,-0.14496926707974556,1.0,0,75.89057429994239,-21.790209432071137,75.11574074074075,-21.50297619047619,75.89057429994239,-21.790209432071137
2021-08-11,stable,True,train,Bullish,2,-0.1461741785484076,1.0,0,70.174027386873,3.4779931562740813,69.37003968253968,3.4722222222222143,70.174027386873,3.4779931562740813
2021-08-12,stable,True,train,Bullish,3,-0.16898256005839993,1.0,0,71.96714312243597,6.541922743277851,71.43683862433862,6.99404761904762,71.96714312243597,6.541922743277851
2021-08-13,stable,True,train,Bullish,4,-0.1097023718046891,0.9999999999972978,1,68.8985752565729,-13.846272290452205,68.41104497354497,-13.343253968253968,68.91519766268422,-13.79640507211824
2021-08-22,transition,True,train,Bullish,6,-0.19710289353334082,0.6071095046039093,1,56.635303875765125,10.347700555895734,56.02678571428572,10.515873015873026,62.7195958242786,2.7732065978220817
2021-08-31,transition,True,train,Volatile,1,-0.2736653105355236,0.9999959227286956,2,84.70855971689537,-4.39475877847309,85.20998677248679,-6.076388888888886,84.81153734476129,-4.39475877847309
2021-09-09,transition,True,train,Bullish,3,0.0,0.9492306276662825,2,66.03501197550572,-24.46567921605508,66.04662698412699,-25.07440476190476,67.7397842512835,-24.437661134747017
2021-09-21,transition,True,train,Volatile,1,0.15171261352216597,0.9986584162633044,3,62.4834385996214,27.514964075760602,62.731481481481474,27.356150793650784,65.3225745074581,25.372912370788107
2021-10-03,transition,True,train,Bearish,6,0.05429167544543278,0.9122704364451271,1,67.69165994242219,31.250497863757765,66.82374338624338,31.026785714285715,70.70956461958964,28.86298835299131
2021-10-14,transition,True,train,Volatile,3,-0.18244229966828227,0.8066240031932757,0,64.66686835498594,17.39346413643873,64.70734126984127,16.716269841269842,64.8641720712692,17.54762419223669
2021-10-27,transition,True,train,Bullish,2,-0.2702560797287411,0.9894385688119065,0,74.24091060427274,11.813209977315381,73.81779100529101,11.210317460317455,74.40544932733671,12.30682614650729
2021-11-03,transition,False,train,Volatile,2,-0.28863160542261,0.8875993787559018,2,68.35115696352955,13.583754774765964,68.02248677248677,13.665674603174594,68.36154441301902,13.583754774765964
2021-11-15,transition,True,train,Bullish,0,-0.40759839207952403,0.9958892522644286,0,84.40307874902665,20.347625549696858,84.23445767195768,20.78373015873015,84.40307874902665,20.347625549696858
2021-11-20,transition,False,train,Sideways,5,-0.19073067566377558,0.8829560041901727,0,49.460380685459825,-1.7941065449265778,49.0162037037037,-1.9841269841269806,54.25235037456179,-0.8383914675561428
2021-11-28,stable,True,train,Volatile,6,-0.06488666130949647,0.989020085937493,4,61.20476763643466,-36.53874445568672,60.81349206349207,-36.483134920634924,67.28552234413938,-20.864590696509666
2021-11-29,stable,True,train,Volatile,0,-0.09779052161022106,0.9951941466099451,2,51.5332131596744,-5.0885313154409815,51.22354497354497,-4.687500000000007,64.03039717887116,15.172781666772174
2021-11-30,stable,True,train,Volatile,1,-0.15759365219570365,0.9988055970728881,1,54.43528324409357,21.318822594104425,54.45601851851851,22.098214285714292,67.62089563675545,6.697928907585691
2021-12-01,stable,True,train,Volatile,2,-0.1646159048717981,0.9979483413133521,1,67.63710755454983,32.081391905962846,67.51818783068784,31.4732142857143,75.20020920396668,11.638725500928714
2021-12-02,stable,True,train,Volatile,3,-0.16165080342570778,0.9971534328929234,1,74.35877323334905,6.370255467699209,73.93353174603176,4.861111111111114,75.10765274775453,4.123616924482818
2021-12-03,stable,True,train,Volatile,4,-0.1663147251531326,0.9644596235546432,1,71.62079573827465,-26.500582822487587,70.55224867724867,-27.23214285714287,71.62079573827465,-26.500582822487587
2021-12-04,stable,True,train,Volatile,5,-0.012669748769831103,0.996749841162997,2,69.12658929241469,4.43377553198529,68.64252645502646,6.4980158730158735,69.12658929241469,4.43377553198529
2021-12-05,stable,True,train,Volatile,6,0.109156577111557,0.9996511224257487,3,62.998656786514225,-3.799609564778983,62.38425925925926,-3.7698412698412653,62.998656786514225,-3.799609564778983
2021-12-06,stable,True,train,Volatile,0,0.06430765398268067,0.9973536202285918,3,59.300025300281845,-30.11385794360487,59.432870370370374,-30.35714285714286,62.23858941511912,-21.298165599093053
2021-12-07,stable,True,train,Volatile,1,0.05712520526725946,0.9865485865893185,2,51.1948687583106,-1.4978965762270136,50.90939153439154,-0.297619047619051,54.65855841747926,0.07748005676714342
2021-12-08,stable,True,train,Volatile,2,0.023963802643028213,0.9823031323083339,1,47.81968294655814,-2.8292725413392503,47.90013227513228,-3.9434523809523796,56.6051391723517,4.320334814023624
2021-12-09,stable,True,train,Volatile,3,-0.026935555449513773,0.7677064841344289,0,47.99618680880035,-5.268876730964493,47.81746031746032,-5.034722222222221,59.98352891774744,11.577096630013777
2021-12-10,stable,True,train,Volatile,4,0.07174517076508612,0.9977423768214769,0,48.33845624374836,9.654469163874396,47.66865079365079,8.283730158730151,63.31979269733407,4.246529130909735
2021-12-11,stable,True,train,Volatile,5,0.12765802601765583,0.9994712948574059,0,52.57408603922254,9.348105258356675,51.876653439153436,8.928571428571423,62.54973139704057,-8.125018323044145
2021-12-12,stable,True,train,Volatile,6,0.06761651535986615,0.9996095950771974,0,51.90130508584658,-8.314027895936377,51.1739417989418,-6.696428571428562,58.23678417713601,-11.370536368459767
2021-12-13,stable,True,train,Volatile,0,0.023842814092494048,0.9969414955815691,1,52.10827590102124,-2.4315077770242297,51.81878306878307,-2.4057539682539684,63.7958394029364,23.23387870919143
2021-12-21,transition,True,train,Volatile,1,-0.01852936115910701,0.7409802596122436,1,62.203032314442105,9.284840763956389,61.75595238095239,9.99503968253969,67.4649672632837,-6.197911208879063
2021-12-29,stable,True,train,Sideways,2,-0.20288299434638993,0.9999954704091011,1,84.09202204360038,-34.508157042994206,84.05257936507937,-34.375,84.09202204360038,-34.508157042994206
2021-12-30,stable,True,train,Sideways,3,-0.16135023937220844,0.999970830145269,1,67.6091082546143,-53.4892881466989,67.5760582010582,-53.44742063492063,73.54884725625065,-35.67007114178985
2021-12-31,stable,True,train,Sideways,4,-0.19735766734129573,0.9999898443661501,1,50.32130788209984,-13.314697294808475,50.02480158730159,-14.260912698412703,63.14446732546313,7.335564030372332
2022-01-08,transition,True,train,Sideways,5,-0.01299936063467085,0.9050523666806323,2,68.63622653241352,-20.63176185602518,68.41931216931218,-20.932539682539698,71.98765700089062,-25.846264136627468
2022-01-14,transition,False,train,Bearish,4,-0.057251155645579796,0.9944153896881195,1,49.682230083473314,17.09884064580966,49.6031746031746,17.60912698412698,62.52030355992812,-2.6806851929180553
2022-01-21,transition,False,train,Sideways,4,-0.05255498803006383,0.998598778470592,3,54.72777130417586,5.509783640877856,53.116732804232804,0.9176587301587276,65.19566057478812,25.230507471071
2022-01-29,stable,True,train,Bearish,5,0.26952483214645956,0.999999469717648,2,62.78514921207642,-9.25824971457331,62.35945767195767,-10.019841269841272,62.873231602195226,-9.24561116058588
2022-01-30,stable,True,train,Bearish,6,0.20985643308143426,0.9979357497465895,3,64.46597232722532,6.0353922920585035,64.17824074074075,6.944444444444457,65.73959379073152,9.717813820405183
2022-02-07,transition,True,train,Bearish,0,-0.07302976077503748,0.8846782787630167,1,69.91461736241617,-10.268866607729173,69.69246031746032,-10.094246031746032,70.7726259647379,-12.842892414694397
2022-02-15,stable,True,train,Volatile,1,-0.07304309566426267,0.9982303771864511,1,49.55127241972868,-4.892479443173045,49.52050264550264,-5.456349206349216,61.6487899713458,6.644539239548756
2022-02-16,stable,True,train,Volatile,2,-0.12294191800014011,0.9997943541896528,2,57.03374865559505,28.673922803702943,56.779100529100525,29.141865079365083,68.78107943936247,6.825841999604648
2022-02-17,stable,True,train,Volatile,3,-0.11991349976840772,0.9994502930119228,2,64.32979604076077,20.554127502566395,64.27744708994709,20.58531746031747,68.70484071639176,7.69777099598447
2022-02-18,stable,True,train,Volatile,4,-0.0030130211473267396,0.9997190782244929,2,69.23932122135481,-12.611332608990033,68.20436507936508,-15.451388888888886,69.32891372812516,-12.880110129301052
2022-02-19,stable,True,train,Volatile,5,0.03268770853371897,0.999693651524879,1,61.54665834075877,-16.292207993582394,60.59027777777778,-16.195436507936513,63.53542473388484,-10.32590881420419
2022-02-20,stable,True,train,Volatile,6,0.010167009781336677,0.9971955474260109,1,53.492596441025455,-18.336633738415678,52.42228835978836,-15.69940476190476,60.864904349899426,-2.186009191171941
2022-02-21,stable,True,train,Volatile,0,0.05910166501537815,0.9997265290506109,0,50.42304862051001,1.2580125712517969,50.31415343915344,1.066468253968253,58.90201071056137,-1.388324064594272
2022-02-22,stable,True,train,Volatile,1,0.0805462125762113,0.9998109524153057,0,52.35559169759883,13.667606936884042,51.88492063492063,13.020833333333321,59.31651050384233,-1.0708482824050733
2022-02-23,stable,True,train,Volatile,2,0.042490098162980015,0.9994872923503907,0,55.39256582699579,-0.017067888678504062,55.11739417989418,0.32242063492063977,57.48624838614706,-1.7881146262435763
2022-02-24,stable,True,train,Volatile,3,0.05748880976507194,0.9993194110678326,0,54.79139716828991,-6.343122636132307,54.41468253968253,-5.753968253968253,56.36157376916251,-6.005847295390801
2022-02-25,stable,True,train,Volatile,4,0.13726436144268556,0.9983564551806716,1,55.64253042393914,7.110084315640847,55.530753968253954,6.6716269841269735,56.741983915493535,5.561168509673784
2022-02-26,stable,True,train,Volatile,5,0.09002883615060787,0.9999113353598492,3,54.94995681634702,-0.2912827353372336,54.24933862433863,-1.4136904761904674,55.54762281234241,-1.997174084743321
2022-02-27,stable,True,train,Volatile,6,0.06419792555792483,0.9998953504043044,3,61.33663062005959,10.263499008057714,60.65641534391534,10.119047619047635,61.46638499404546,10.609208810725342
2022-02-28,stable,True,train,Volatile,0,0.14695680566235683,0.999239057272315,3,62.9793320347712,14.115909382552061,61.764219576719576,13.839285714285715,63.109086408757086,14.07235606326202
2022-03-01,stable,True,train,Volatile,1,0.09073483875655393,0.9999324865383182,3,65.8627580421114,-10.801026124454346,65.11243386243386,-10.590277777777779,66.6521342010003,-9.12431725312291
2022-03-02,stable,True,train,Volatile,2,0.05803953610841776,0.9999896853072343,3,68.11324578976584,12.086858006886231,67.22056878306879,13.120039682539684,68.78738534776554,12.086858006886231
2022-03-03,stable,True,train,Volatile,3,0.03715910153516655,0.9999944759716054,2,69.57841114318815,9.861127420798404,69.1633597883598,9.62301587301588,70.25255070118784,7.838708746799341
2022-03-04,stable,True,train,Volatile,4,0.0658126322523194,0.9999204894948279,1,67.87639191336572,-22.65854705688499,67.20403439153439,-22.792658730158735,67.87639191336572,-22.65854705688499
2022-03-05,stable,True,train,Volatile,5,0.1591150226968226,0.9999352154813187,1,60.61156217819383,-14.103127258896357,59.99503968253969,-14.335317460317476,62.80448058418801,-7.524372040913811
2022-03-06,stable,True,train,Volatile,6,0.10178233767716091,0.9999387721410502,1,52.61434893937972,-9.024454606176661,52.17427248677249,-7.961309523809518,64.35952220634137,19.63230997672573
2022-03-07,stable,True,train,Volatile,0,0.12172733859794996,0.9998986476000019,0,52.03672502571224,-2.596929592371758,51.80224867724868,-2.2817460317460316,73.72109890930125,20.641917039527776
2022-03-08,stable,True,train,Volatile,1,0.14512014116649233,0.9997767989530678,0,51.3330597824526,7.777516727767058,51.25661375661375,7.49007936507936,72.21680641024942,-16.702374404529337
2022-03-09,stable,True,train,Volatile,2,0.09002341505869003,0.9989507240088071,0,51.345382936847756,-7.25461340198877,51.09953703703703,-7.316468253968253,64.6685675737813,-31.097136641558272
2022-03-10,stable,True,train,Volatile,3,0.03563722294498201,0.9882927868837633,0,49.81855497607702,-5.066417744905046,49.65277777777777,-4.985119047619051,56.830238880269526,1.6398084561479394
2022-03-11,stable,True,train,Volatile,4,0.07419346781896927,0.992252953260709,0,50.17807893794608,8.819119150188804,49.15674603174603,6.473214285714285,59.835220623685466,14.957287335122807
2022-03-12,stable,True,train,Volatile,5,0.07698686747607177,0.9895781820674237,0,50.90441619566379,-0.49511774652344087,49.991732804232804,-0.47123015873015817,60.49121154593127,-5.614177794285524
2022-03-13,stable,True,train,Volatile,6,0.022698350709549963,0.9459895103788554,1,60.74065292160615,23.36372054731484,59.482473544973544,24.97519841269841,71.84753967653347,26.693847617706723
2022-03-14,stable,True,train,Volatile,0,0.013814873623969905,0.7900841653847499,1,71.90429585993273,40.13103619201544,71.46164021164022,39.905753968253975,78.97347247098462,34.36711295173884
2022-03-15,stable,True,train,Volatile,1,-0.04274598693433958,0.5941844070762868,1,76.06077118434037,-17.534401951127613,75.46296296296296,-16.939484126984127,81.28666107491368,-32.743596374304914
2022-03-23,transition,True,train,Volatile,2,-0.2387780936590549,0.9561920362715199,2,66.56043465311728,15.562107481324098,66.2367724867725,15.550595238095255,66.56043582822709,15.562111006653474
2022-04-06,transition,True,train,Bullish,2,-0.419249787820621,0.9999999999964764,1,66.58716401296523,21.246897201795548,66.66666666666667,21.304563492063494,66.58716401296523,21.246897201795548
2022-04-11,transition,False,train,Volatile,0,-0.3925961170674361,0.5555021093775734,1,71.33616841671511,44.368102727246246,70.56878306878308,44.12202380952382,85.16399393558011,18.98481756573605
2022-04-19,stable,True,train,Sideways,1,-0.3809164110962793,0.9999748939808768,0,80.10524880831451,-40.239768119964026,79.77843915343915,-40.17857142857143,80.15342966881151,-40.09522553847301
2022-04-20,stable,True,train,Sideways,2,-0.4171722298193834,0.9999476926183023,1,70.36058762485972,-25.283660483504477,69.91567460317461,-25.09920634920634,70.40876848535673,-25.283660483504477
2022-04-21,stable,True,train,Sideways,3,-0.41186365742662423,0.9999821927321801,2,59.32860541830965,3.193498433453904,58.87896825396825,2.5793650793650755,59.376786278806655,3.048955851962887
2022-04-22,stable,True,train,Sideways,4,-0.3331316859558965,0.9999991360372485,2,66.43344602448836,10.308737248936481,65.8151455026455,10.218253968253961,66.43344602448836,10.308737248936481
2022-04-23,stable,True,train,Sideways,5,-0.3462263891913261,0.9999993127848245,2,65.15180940874743,3.9673762889229565,64.69080687830689,4.63789682539683,65.1812421192305,4.055674420372206
2022-04-24,stable,True,train,Sideways,6,-0.376515493268875,0.999998163889035,2,66.28664184316382,-14.716526081833038,65.36871693121692,-16.19543650793652,74.69437890166363,10.41838696221707
2022-04-25,stable,True,train,Sideways,0,-0.4150398490268856,0.9999979967825798,2,71.55992655418281,29.973501229216197,70.97387566137566,30.40674603174603,79.96766361268259,29.885203097766947
2022-04-26,stable,True,train,Sideways,1,-0.39235731690885567,0.9999982798812991,3,71.2438980393281,-0.3852065588903173,70.13062169312168,0.0744047619047663,79.68431126730779,-25.333792963051486
2022-04-27,stable,True,train,Sideways,2,-0.2524572218268405,0.9999827631408684,4,72.75164547795883,-26.01313789899777,72.6603835978836,-25.421626984126988,72.81375435792181,-26.01313789899777
2022-04-28,stable,True,train,Sideways,3,-0.2913328253125637,0.9999994593459642,4,57.016178668168244,-16.284813655591513,56.68816137566137,-14.98015873015872,60.1640374052212,-7.213890724210501
2022-04-29,stable,True,train,Sideways,4,-0.31643932528265806,0.9999986348850158,4,55.59396821730547,-9.17508022737082,54.8859126984127,-12.921626984126988,63.46032330740866,5.166735471668801
2022-04-30,stable,True,train,Sideways,5,-0.25802782947337677,0.9999990549581723,4,56.7878301491161,24.77484832580587,54.56349206349207,21.527777777777764,66.6390675330387,21.47224563599419
2022-05-01,stable,True,train,Sideways,6,-0.2327562543013061,0.9999992497933184,6,60.959689916086056,0.497396997906705,58.32506613756613,1.7113095238095255,73.05755354971005,2.1527096192411648
2022-05-09,transition,True,train,Sideways,0,-0.12881379141254903,0.9995468994217332,0,50.6968342961932,4.343554944199845,50.694444444444436,4.315476190476183,66.67800447580413,-2.450114121429934
2022-05-17,stable,True,train,Bearish,1,0.33323868961250186,1.0,1,59.62793987394542,-26.281918629925883,58.96990740740741,-25.94246031746031,62.018985588860254,-24.900912082479003
2022-05-18,stable,True,train,Bearish,2,0.271186202148502,0.9999999999999798,1,50.744396580272486,-7.992033272824422,50.1901455026455,-7.316468253968253,55.70460930246576,-4.751347325409149
2022-05-19,stable,True,train,Bearish,3,0.36485115666755125,1.0,0,51.4777403278689,9.823353264520748,51.33101851851851,10.342261904761891,54.820239924762994,8.05602241559638
2022-05-20,stable,True,train,Bearish,4,0.292195942830021,1.0,0,50.81535802583223,-1.6184356550170946,50.669642857142854,-1.5873015873015888,54.68049408266302,-6.377020749595474
2022-05-21,stable,True,train,Bearish,5,0.3055807719418152,1.0,0,50.793603387436576,-10.257328430800627,50.793650793650784,-10.36706349206348,56.09863007740293,2.1561687919189154
2022-05-22,stable,True,train,Bearish,6,0.24576653427101636,0.9999999999997139,1,52.96096413588981,18.312582415990477,52.20734126984127,16.567460317460316,66.14531190813828,38.61530543410235
2022-05-23,stable,True,train,Bearish,0,0.1771683693069489,0.9999999763187577,1,64.12020800557904,31.924559869237527,63.359788359788354,31.49801587301586,76.17432652175546,19.455615107036294
2022-05-24,stable,True,train,Bearish,1,0.19679268461691463,0.9999999990248792,3,70.78016897174597,3.2204722223404474,69.19642857142857,2.9017857142857153,78.7452824064088,-20.271009046327094
2022-05-25,stable,True,train,Bearish,2,0.15681424942601466,0.999999982727403,3,65.72688001288572,-30.32501606965795,63.44246031746031,-34.1517857142857,69.06493805436172,-20.512771462890406
2022-05-26,stable,True,train,Bearish,3,0.14328110305604047,0.9999999760759214,3,59.44218433602747,-6.909410059837981,56.93617724867725,-5.530753968253961,62.78024237750348,-7.111339577498455
2022-05-27,stable,True,train,Bearish,4,0.25963322566850755,0.9999999999999377,2,60.82728207219387,22.5356323074204,58.88723544973546,26.016865079365083,65.6162025967961,17.27790466769202
2022-05-28,stable,True,train,Bearish,5,0.27868420660825693,0.999999999999993,1,68.86929587004327,12.65511235446499,68.15476190476191,13.169642857142847,70.48132012748668,12.936668159756039
2022-05-29,stable,True,train,Bearish,6,0.20959715150953676,0.9999999999999338,1,63.26674560315997,-27.872354068987093,62.82242063492063,-27.380952380952387,68.5094423138333,-21.53485367633644
2022-05-30,stable,True,train,Bearish,0,0.1574234508915572,0.999999999418442,1,56.510869607069914,-21.85803707439797,56.37400793650793,-21.13095238095238,71.80916993764042,12.581734947041596
2022-05-31,stable,True,train,Bearish,1,0.09173875945638112,0.9999248953626602,3,53.47360928855312,20.35098219956454,53.3151455026455,19.990079365079367,69.70227304764796,12.531610930738822
2022-06-01,stable,True,train,Bearish,2,0.09247676025913379,0.9984138203358457,3,61.440522614070744,16.296013895835898,61.18551587301588,15.575396825396837,74.03851391993565,-18.425313930894717
2022-06-02,stable,True,train,Bearish,3,0.18914022539317896,0.9999999973213171,3,63.22244334331446,-7.400493931116422,62.65707671957673,-7.539682539682538,64.24665870693583,-10.47314002198052
2022-06-03,stable,True,train,Bearish,4,0.14180163934413773,0.9999999976943854,1,57.438023124069026,-20.903018434724594,57.018849206349216,-20.535714285714292,61.06713188462629,-10.015692153052811
2022-06-04,stable,True,train,Bearish,5,0.1558177508705128,0.9999999870626419,1,53.05019414297407,-2.2132352351801643,52.761243386243386,-1.6121031746031846,62.463845523785515,15.140392625582386
2022-06-05,stable,True,train,Bearish,6,0.10130587720362369,0.9999999857537651,0,53.067157775674126,10.003657624720041,53.000992063492056,10.094246031746025,72.21227198085818,28.31071981616607
2022-06-06,stable,True,train,Bearish,0,0.058014817372908985,0.999993629421208,1,65.30278037677745,28.967336311870277,65.12896825396825,28.62103174603177,82.53641637343328,16.766600107194833
2022-06-07,stable,True,train,Bearish,1,0.02054020720523536,0.9981665007868874,2,72.55382906635087,19.48901993543987,72.36276455026456,19.370039682539684,84.00292244275249,-9.705368537677941
2022-06-08,stable,True,train,Bearish,2,0.05698847469455774,0.9990112686769663,3,69.77658049035348,-35.03495590658207,69.62632275132275,-34.49900793650795,73.03097027980489,-35.577569850402035
2022-06-09,stable,True,train,Bearish,3,0.0370246247907158,0.9996158315609333,2,59.211481756306604,-24.481105958990568,59.11871693121693,-24.6031746031746,63.8089230022537,-15.29905993341643
2022-06-10,stable,True,train,Bearish,4,-0.0005059330122746756,0.9962958199055264,2,56.95326119115443,21.04610396797547,56.836970899470906,20.734126984126988,66.9881256561971,32.74809591299505
2022-06-11,stable,True,train,Bearish,5,0.08793846575518222,0.999998757164455,2,63.89870978219534,17.496686068681328,63.63260582010582,17.410714285714285,73.27561538709215,10.951041174936705
2022-06-12,stable,True,train,Bearish,6,0.2043886895160246,0.9999979546624599,3,66.98949703452551,-8.434082506543547,66.85681216931216,-8.085317460317462,75.90888029244853,-16.936873179177454
2022-06-13,stable,True,train,Bearish,0,0.26818839417697227,0.999999974959076,2,63.993787493476134,-8.777370428295391,63.93022486772487,-8.432539682539677,67.50284043581077,-11.332492849603334
2022-06-14,stable,True,train,Bearish,1,0.5252837552018838,1.0,1,61.98791274673403,2.2067000714645104,62.05357142857142,2.1081349206349103,64.61816531179217,-5.602778913188303
2022-06-15,stable,True,train,Bearish,2,0.5529773159195271,1.0,0,62.69346437366281,2.669700997390919,62.723214285714285,2.7033730158730123,62.72055727717001,2.5884222868693456
2022-06-16,stable,True,train,Bearish,3,0.5746486854764727,1.0,0,63.576441486125496,-0.11081485068103092,63.61607142857142,-0.12400793650793673,63.576441486125496,-0.11081485068103092
2022-06-17,stable,True,train,Bearish,4,0.748094820313848,1.0,0,62.180986571090784,-4.096319554425982,62.18584656084656,-4.19146825396826,62.180986571090784,-4.096319554425982
2022-06-18,stable,True,train,Bearish,5,0.6897788736196665,1.0,0,59.71042065239103,-7.3909280960963954,59.63128306878306,-7.638888888888879,59.73097945606051,-7.3292516850879394
2022-06-19,stable,True,train,Bearish,6,0.810591950739963,1.0,0,60.72511793796664,7.1196417511499135,60.44973544973544,6.62202380952381,60.74567674163612,7.1196417511499135
2022-06-20,stable,True,train,Bearish,0,0.7170413122510232,1.0,0,61.261746319189484,4.925263345341854,61.03670634920635,5.233134920634917,61.282305122858965,4.863586934333398
2022-06-21,stable,True,train,Bearish,1,0.6987608843523971,1.0,0,62.053836216417984,-8.058750261137718,61.9047619047619,-7.490079365079367,62.053836216417984,-8.058750261137718
2022-06-22,stable,True,train,Bearish,2,0.6680851876677342,1.0,0,60.836977431843785,1.859180253758737,60.863095238095234,1.7361111111111072,60.836977431843785,1.859180253758737
2022-06-23,stable,True,train,Bearish,3,0.7056673215460251,1.0,1,66.0010834617375,18.041311743337502,65.73247354497354,17.23710317460319,66.0010834617375,18.041311743337502
2022-06-24,stable,True,train,Bearish,4,0.6019714238855415,1.0,2,64.19296473586918,-9.83253008502004,63.235780423280424,-11.855158730158728,64.35625074435008,-9.342672059577332
2022-06-25,stable,True,train,Bearish,5,0.5195392622253996,1.0,2,72.830013600278,12.278008757304065,71.6931216931217,12.5,72.9932996087589,12.278008757304065
2022-06-26,stable,True,train,Bearish,6,0.47259823032457554,0.9999999999999946,1,71.88568429657421,20.63268000983107,70.98214285714286,22.594246031746046,72.04897030505511,20.142821984388362
2022-06-27,stable,True,train,Bearish,0,0.48227093131328547,1.0,0,76.92097033068237,-20.637818575922054,76.66170634920637,-20.188492063492063,76.92097033068237,-20.637818575922054
2022-06-28,stable,True,train,Bearish,1,0.45051578268201536,1.0,1,66.14820028569535,-17.207313466545585,65.74074074074075,-18.12996031746033,66.14868425174528,-17.20586156839581
2022-06-29,stable,True,train,Bearish,2,0.47743010362074195,1.0,2,59.765027316736905,-13.622696999368742,58.713624338624335,-15.525793650793666,59.86122043565509,-13.335569540763956
2022-06-30,stable,True,train,Bearish,3,0.4839945215607833,1.0,2,56.097452078246555,0.6777658435679328,55.0760582010582,1.661706349206348,56.19364587831553,0.6763159888705275
2022-07-01,stable,True,train,Bearish,4,0.5032259524929353,1.0,2,57.39481413147012,5.834291600000462,56.481481481481474,7.167658730158735,57.49360947548331,5.556420671378085
2022-07-02,stable,True,train,Bearish,5,0.49159109544991053,1.0,2,56.50521106196218,-5.288780492421516,56.42361111111111,-4.786706349206348,56.56685818002669,-5.113099755115115
2022-07-03,stable,True,train,Bearish,6,0.44307192708533594,1.0,2,53.69686716718062,-11.639352000447431,53.645833333333336,-10.88789682539683,56.94302360136417,-2.095078538620392
2022-07-04,stable,True,train,Bearish,0,0.3939923029092398,1.0,2,53.13529603693286,6.818387417780983,53.14980158730159,5.853174603174608,61.67048809906978,22.519068050864725
2022-07-05,stable,True,train,Bearish,1,0.3295856382665578,0.9999999999875769,3,60.2778731051553,24.563982396590497,59.5651455026455,22.792658730158735,68.91757733758214,15.499671696409607
2022-07-06,stable,True,train,Bearish,2,0.33890317174187573,0.999999835631511,3,67.51892652232432,11.768521641802948,66.60879629629629,11.731150793650784,72.97412075748134,-4.1078417720395635
2022-07-07,stable,True,train,Bearish,3,0.2825021306076873,0.9999981706993909,2,73.88248047852603,4.48131808171874,72.89186507936508,5.456349206349202,74.05713909522659,4.026855348563259
2022-07-08,stable,True,train,Bearish,4,0.22968482007965513,0.999928039462844,0,77.75641065647896,14.462612678942207,77.16600529100528,14.484126984126988,77.76799617596998,14.462612678942207
2022-07-09,stable,True,train,Bearish,5,0.23336364811464042,0.9999762033505643,0,78.79733809024378,-4.199357925507698,77.92658730158729,-4.836309523809518,78.8089236097348,-4.234114483980775
2022-07-10,stable,True,train,Bearish,6,0.1791817219156637,0.9999962987689143,0,71.09255865488929,-30.254810758203526,70.59358465608464,-29.365079365079367,71.09255865488929,-30.254810758203526
2022-07-11,stable,True,train,Bearish,0,0.1964952759824976,0.9999999704392333,2,62.179479464761734,-15.399407192734941,60.66468253968253,-17.584325396825406,62.232189013751146,-15.241278545766697
2022-07-12,stable,True,train,Bearish,1,0.24722242048858942,0.9999999302408699,2,55.1349845348744,-2.218504409106245,54.11706349206349,-2.4801587301587276,57.188783651900444,3.7847642950036615
2022-07-13,stable,True,train,Bearish,2,0.27809202105188147,0.9999999835279066,3,56.27021523314454,-0.10988109301037241,54.53042328042327,1.661706349206355,58.406106527892746,-0.02173320681216495
2022-07-14,stable,True,train,Bearish,3,0.2218211729602187,0.9999997922951439,2,56.49955002927643,6.42208198532272,56.06812169312169,6.671626984126988,60.26964513583363,5.479553363608069
2022-07-15,stable,True,train,Bearish,4,0.18915358827836837,0.9998034712036803,2,58.444175698145635,0.20968050269093652,57.90343915343916,1.7857142857142918,61.233110289736466,3.023191128735263
2022-07-23,transition,True,train,Bearish,5,0.15360667125513958,0.5914653662092637,0,71.26592347572743,5.74715367069885,71.03174603174604,5.456349206349216,71.26592347572743,5.74715367069885
2022-07-31,stable,True,train,Bullish,6,0.0959354570051777,0.9999999999983562,3,62.10503889279047,3.028941622954484,61.830357142857146,1.8105158730158664,62.149578621171486,2.898969253972659
2022-08-01,stable,True,train,Bullish,0,0.08362946993132357,0.9999999999832861,1,62.67183792182436,-6.530342702262573,61.9212962962963,-6.3988095238095255,63.015467687185605,-5.5067470385013735
2022-08-02,stable,True,train,Bullish,1,0.09542107156391201,0.9999999006850144,1,63.2687126758725,6.9924224285541925,62.673611111111114,7.118055555555557,63.61112683584665,6.9924224285541925
2022-08-03,stable,True,train,Bullish,2,0.09115470469664068,0.9999936988041198,2,63.76232390140432,2.809378212448216,62.93816137566137,2.331349206349202,64.209776550451,2.09725119974334
2022-08-04,stable,True,train,Bullish,3,0.07998062470422308,0.9993974419148428,1,58.170506937773325,-25.096417855299926,57.39914021164021,-25.272817460317462,60.563182626800426,-18.23350625543619
2022-08-05,stable,True,train,Bullish,4,0.06250706093622554,0.964526836808723,1,53.09346807710099,-9.719527830058283,52.12466931216931,-9.499007936507937,57.33551752860303,-4.486522009851029
2022-08-06,stable,True,train,Bullish,5,-0.0037951472186723103,0.9956519436958013,1,57.72626955210972,33.483233528367386,56.919642857142854,33.333333333333336,61.957502308413744,26.902987310127138
2022-08-07,stable,True,train,Bullish,6,-0.010230404489618946,0.9259595270602469,1,65.91852979471327,14.711479454527755,65.26951058201058,15.600198412698411,67.86212535106272,9.163358167102928
2022-08-08,stable,True,train,Bullish,0,-0.04977076791952253,0.7327412146503116,2,71.97506652717522,-5.448322057698661,71.63525132275133,-4.786706349206341,72.06928832104971,-5.730987439322149
2022-08-09,stable,True,train,Bullish,1,-0.08624140133447901,0.8520932110912584,2,72.7286375309023,11.16716581173803,72.43716931216932,10.68948412698414,72.74473517214307,11.215458735460274
2022-08-10,stable,True,train,Bullish,2,-0.03717310979083735,0.6553819686421366,3,70.28009571455854,-10.803756191889377,69.99834656084657,-10.813492063492077,70.3150182715984,-10.747281444492025
2022-08-11,stable,True,train,Bullish,3,-0.05237014470850453,0.9980553175308247,3,67.46633298130335,-16.150323268645558,66.9890873015873,-16.220238095238102,69.74705167534651,-9.461227781357891
2022-08-19,transition,True,train,Bullish,4,-0.13080961110417913,0.9914822431308516,1,58.49491150612786,15.142904667308628,58.06051587301587,14.012896825396837,70.70982870613736,23.139722720327356
2022-08-27,stable,True,train,Volatile,5,0.1257849903492314,0.9885558328067628,2,53.91424055365352,17.989571002358964,53.1415343915344,16.021825396825406,61.00626050653312,10.907761162253998
2022-08-28,stable,True,train,Volatile,6,0.10069171628923136,0.9975923275814516,2,58.132400592550646,13.374197600572025,56.167328042328045,10.838293650793652,64.18687444945607,4.807714074147313
2022-08-29,stable,True,train,Volatile,0,0.12536403041625435,0.6933465605184707,1,56.32221143926241,-24.139855946104362,54.57175925925926,-22.56944444444445,63.753205659240486,-7.4746397782792116
2022-08-30,stable,True,train,Volatile,1,0.05588068837479289,0.9728289233313512,0,50.91495228320213,-10.886686582513171,49.53703703703704,-8.159722222222221,60.853012670066484,-7.3346596340368535
2022-08-31,stable,True,train,Volatile,2,0.08276828491105974,0.9951577162312611,0,51.71658815221421,21.209672667472937,51.42195767195767,21.279761904761898,61.03346313193094,6.650071830387418
2022-09-01,stable,True,train,Volatile,3,0.049229668740589115,0.9996819207943451,0,55.575389968215894,3.658326970081518,55.23313492063492,3.9682539682539684,59.18604261060599,-4.316322374732096
2022-09-02,stable,True,train,Volatile,4,0.010236002426228194,0.9998545735342474,0,56.09902640183149,-11.7206848887026,55.68783068783068,-12.450396825396822,59.259873024347854,-7.654519778404563
2022-09-10,transition,True,train,Volatile,5,-0.13620006176510788,0.7908285901831986,2,62.208894595367155,29.211860570913245,61.96263227513228,28.86904761904762,65.56331267258453,25.35521472082771
2022-09-13,transition,False,train,Bullish,1,-0.1819538985533323,0.9269481568630297,1,62.0763472705371,-7.869489337779186,62.03703703703704,-8.581349206349195,62.10961253421031,-7.969285128798816
2022-09-21,transition,True,train,Volatile,2,0.14265639932340227,0.8753054170263849,2,56.24992856285515,-9.433051215733109,56.142526455026456,-10.267857142857139,64.75426279749522,-10.540745216043241
2022-09-30,transition,True,train,Bearish,4,0.04328258955383942,0.9235398266132565,3,55.35736366788822,-21.945126281301185,53.99305555555555,-24.578373015873012,61.93094364823213,-3.1136703949688496
2022-10-08,stable,True,train,Sideways,5,-0.20119615810444635,0.9999999856938413,1,74.94239330446771,18.82288864303885,74.98346560846561,18.40277777777777,74.99917404413559,18.993230862042495
2022-10-09,stable,True,train,Sideways,6,-0.22986210169693905,0.9999998811627703,0,85.08222839488951,15.19927924219094,84.9785052910053,15.17857142857143,85.20035821550032,15.38332648501968
2022-10-10,stable,True,train,Sideways,0,-0.2871410718335032,0.999999994134382,0,88.79761358048047,7.5434929428084985,88.6656746031746,7.465277777777786,88.91574340109128,7.373150723804855
2022-10-11,stable,True,train,Sideways,1,-0.28198024424129503,0.9999992356286849,0,91.27944350777811,-4.151126846333639,91.05489417989418,-4.414682539682545,91.34079258872102,-4.335174089162379
2022-10-12,stable,True,train,Sideways,2,-0.3139226906960816,0.9999969209184383,0,83.81832492250767,-18.330232070393265,83.54828042328042,-18.402777777777786,83.81832492250767,-18.330232070393265
2022-10-13,stable,True,train,Sideways,3,-0.36263282312759926,0.9999998209524753,0,85.84970707339704,6.192149613583695,85.51587301587301,6.2003968253968225,85.84970707339704,6.192149613583695
2022-10-14,stable,True,train,Sideways,4,-0.30324622945163304,0.9999994395304722,0,76.26582262921747,-10.519424423061047,75.98379629629629,-10.491071428571423,79.97566310148774,0.6100969937497638
2022-10-15,stable,True,train,Sideways,5,-0.31759768830204793,0.9999998077238025,0,71.35587598094774,-39.15421846787055,71.1061507936508,-38.93849206349206,75.08325225200277,-39.10161107151628
2022-10-16,stable,True,train,Sideways,6,-0.33167873488655286,0.9999978050041356,0,67.29045324113882,22.747534726695626,66.91468253968254,22.22222222222222,71.01782951219384,11.618013309884816
2022-10-17,stable,True,train,Sideways,0,-0.3820713988786589,0.9999999953569272,0,76.50241869114024,31.846311871752405,76.06646825396825,31.597222222222214,76.519954489925,31.793704475398137
2022-10-18,stable,True,train,Sideways,1,-0.4238310030481023,0.9999999999984358,0,83.4121842898077,-6.228653452441378,82.4487433862434,-7.217261904761898,83.4121842898077,-6.228653452441378
2022-10-26,transition,True,train,Sideways,2,-0.4509818921588209,0.9999999080455987,5,82.54368997114135,1.8292332775540388,82.97784391534391,2.430555555555543,82.54368997114135,1.8292332775540388
2022-11-09,transition,True,train,Bullish,2,0.022339015928047583,0.989786376939948,5,61.306648756255186,14.248217984319155,60.59027777777777,13.864087301587311,65.77372416512439,15.103917477269533
2022-11-17,stable,True,train,Bearish,3,0.19724220421393188,0.999993709868966,0,54.33999012493387,-9.448348566430582,54.36507936507936,-9.548611111111114,61.32369994877445,4.273456113053797
2022-11-25,transition,True,train,Bearish,4,-0.035644208894688986,0.7572495507661909,1,53.62214559788321,12.318940791654242,53.65410052910053,13.070436507936506,58.533774081567884,7.914538761342875
2022-12-03,stable,True,train,Sideways,5,-0.30812588289908716,0.9999999996257416,1,65.16792280398735,-13.185308575491277,64.96362433862434,-12.797619047619058,65.55255521141878,-14.339205797785525
2022-12-04,stable,True,train,Sideways,6,-0.2605198430754623,0.9999999528235596,1,65.72639423073174,15.18208790832557,65.20337301587301,13.640873015873012,65.72639423073174,15.18208790832557
2022-12-05,stable,True,train,Sideways,0,-0.3113845158171892,0.9999999946231167,1,73.02807938424947,21.583690407952048,72.37103174603175,21.37896825396826,73.02807938424947,21.583690407952048
2022-12-06,stable,True,train,Sideways,1,-0.30485947200408076,0.9999999694497503,1,73.50487841451064,-13.430325764940903,72.84226190476191,-12.103174603174601,73.58599487746879,-13.186976376066468
2022-12-07,stable,True,train,Sideways,2,-0.34790682153092445,0.9999998917451016,0,77.07608591502624,3.990654949319179,76.61210317460318,3.447420634920647,77.15720237798439,3.990654949319179
2022-12-08,stable,True,train,Sideways,3,-0.31951221533128427,0.9999978992411883,0,73.50133601126801,9.429043605893824,73.13161375661376,9.523809523809526,73.75907531260519,9.71556273215647
2022-12-09,stable,True,train,Sideways,4,-0.35140642774742703,0.9999990697356449,0,78.8486166594929,-8.102106321812997,78.35648148148148,-7.738095238095255,79.02523949787194,-8.102106321812997
2022-12-10,stable,True,train,Sideways,5,-0.3573415015086873,0.9999975190681173,2,70.00102572515173,-11.827868142429658,70.64318783068784,-9.250992063492056,70.17764856353075,-12.35773665756674
2022-12-11,stable,True,train,Sideways,6,-0.4047459502284993,0.9999970552241134,2,78.181959106214,17.930001804405876,78.81117724867725,18.353174603174608,78.181959106214,17.930001804405876
2022-12-12,stable,True,train,Sideways,0,-0.4298967339564678,0.999998565364178,2,83.58555121238965,34.65144279973753,84.35846560846562,32.04365079365079,83.58555121238965,34.65144279973753
2022-12-13,stable,True,train,Sideways,1,-0.4626868251243277,0.9999997896840749,0,86.97311956425261,-26.20796323002753,86.65674603174602,-26.86011904761905,87.01161542230113,-26.092475655881984
2022-12-14,stable,True,train,Sideways,2,-0.4512601290871918,0.9999850912768913,1,77.09458289954868,-27.916384508232923,76.9262566137566,-27.48015873015875,77.18922755276371,-27.7479381227334
2022-12-15,stable,True,train,Sideways,3,-0.44944253358304276,0.999987723227991,1,66.00205371873291,-8.788849798298685,66.02182539682539,-7.5644841269841265,66.19387405192279,-8.612810332519636
2022-12-16,stable,True,train,Sideways,4,-0.4194583174994763,0.9999788094630035,2,62.478282784765575,-7.143666037817681,62.25198412698412,-8.978174603174601,62.6406710931322,-7.284920923641451
2022-12-17,stable,True,train,Sideways,5,-0.2589676029725914,0.9999338181170022,2,60.46875550142639,-0.66737881580314,60.12731481481481,-1.1408730158730194,61.398101722890736,1.5104142690649311
2022-12-18,stable,True,train,Sideways,6,-0.31307246095572705,0.9999932699369956,2,54.19587571320269,-17.036176361067852,53.645833333333336,-15.699404761904752,64.38909344354384,11.019773705811446
2022-12-19,stable,True,train,Sideways,0,-0.34390083835555674,0.9999996495896794,1,54.092300878498925,-1.4258086919114206,54.100529100529094,-1.2400793650793602,76.28274504830142,32.123742001355666
2022-12-20,stable,True,train,Sideways,1,-0.34810816587797433,0.9999992509579197,1,56.482787922504826,25.3227216808857,56.43187830687831,25.29761904761905,85.7627925640818,20.977581654446794
2022-12-21,stable,True,train,Sideways,2,-0.3759800713673338,0.9998876228191828,1,65.17540355639234,9.352395044705958,65.17030423280424,9.151785714285722,85.09436100911763,-26.666475773353795
2022-12-22,stable,True,train,Sideways,3,-0.42089606785721506,0.9999817366575449,1,78.56830282845665,31.58142799226384,78.46395502645503,31.646825396825392,86.48097000849538,7.843426452147696
2022-12-23,stable,True,train,Sideways,4,-0.42412426310181633,0.9999904671634805,0,82.35160516125978,10.59478177763252,82.25859788359789,10.466269841269835,82.80698209455043,11.960912577504502
2022-12-24,stable,True,train,Sideways,5,-0.4700515537732188,0.9999959934718664,0,86.94795329631184,-17.037258366330846,86.59060846560847,-17.733134920634924,87.40333022960249,-17.037258366330846
2022-12-25,stable,True,train,Sideways,6,-0.5254047062081212,0.9999988547489991,0,85.62423641022325,16.260370335588718,85.29265873015873,16.36904761904762,86.07961334351391,14.894239535716736
2022-12-26,stable,True,train,Sideways,0,-0.5503632197287698,0.9999996764172846,0,86.59797573433445,-0.2730446551900201,86.27645502645503,0.42162698412698774,86.6228582254448,-0.19839718185896515
2022-12-27,stable,True,train,Sideways,1,-0.6022290491438658,0.9999978101520592,0,90.57687674764259,-1.1294046681406371,90.51752645502647,-1.1160714285714306,90.60175923875295,-1.1294046681406371
2022-12-28,stable,True,train,Sideways,2,-0.6097035373662434,0.9999999873604248,0,87.46533670600321,4.0045322383369495,86.97916666666667,2.8025793650793673,87.55565745613735,4.126199542077302
2022-12-29,stable,True,train,Sideways,3,-0.6093404764572397,0.9999997705106227,0,85.25902248257839,-18.828690365388923,84.81316137566137,-18.799603174603178,85.3244607416022,-18.828690365388923
2022-12-30,stable,True,train,Sideways,4,-0.6588343060195242,0.9999999943748044,0,86.22123325786286,11.091847782630907,85.69775132275133,12.152777777777786,86.28667151688666,10.8955330055595
2022-12-31,stable,True,train,Sideways,5,-0.6957173997149184,0.9999999959792696,0,89.86104164543882,21.54290007133929,89.74041005291006,21.42857142857143,89.86104164543882,21.54290007133929
2023-01-08,transition,True,test,Sideways,6,-0.9323284407666725,0.9997178165859872,2,65.01811421932341,1.4753643894001414,64.87268518518518,1.2400793650793673,65.01811421932341,1.4753643894001414
2023-01-16,stable,True,test,Bullish,0,-0.74264951669413,1.0,0,67.65745790281555,-1.9325748104018672,67.43551587301587,-2.157738095238088,67.65745790281555,-1.9325748104018672
2023-01-17,stable,True,test,Bullish,1,-0.7140092617084701,1.0,0,68.87539899036125,-4.223525592975776,68.5598544973545,-3.621031746031747,68.87539899036125,-4.223525592975776
2023-01-18,stable,True,test,Bullish,2,-0.687354186155811,1.0,0,65.06877396761976,-1.6099514022097168,64.99669312169313,-1.5376984126984254,65.06877396761976,-1.6099514022097168
2023-01-19,stable,True,test,Bullish,3,-0.5831051959770936,1.0,1,63.20792201319848,-11.168953936302813,63.136574074074076,-11.111111111111114,64.32957727960014,-7.803988137097832
2023-01-20,stable,True,test,Bullish,4,-0.61255060639909,1.0,1,64.81509476614717,12.017867734094757,64.59986772486774,11.45833333333335,65.93675003254883,12.017867734094757
2023-01-21,stable,True,test,Bullish,5,-0.5936265733433663,1.0,2,72.85424503610277,28.090055270920942,72.4454365079365,27.57936507936509,73.97590030250443,24.72508947171596
2023-01-22,stable,True,test,Bullish,6,-0.5709027863455269,1.0,1,76.14984660827997,-6.103667478617297,75.68617724867725,-5.778769841269835,76.14984660827997,-6.103667478617297
2023-01-23,stable,True,test,Bullish,0,-0.5711799805046722,1.0,1,69.09299634445279,-33.27013386725359,68.80787037037037,-32.71329365079366,69.09299634445279,-33.27013386725359
2023-01-24,stable,True,test,Bullish,1,-0.5682212492602148,1.0,1,68.58783269280934,16.687759599458985,67.90674603174604,15.15376984126982,68.6458077069296,16.861684641819764
2023-01-25,stable,True,test,Bullish,2,-0.46448950750186485,1.0,1,75.26045981292714,35.08476467321762,74.5949074074074,34.920634920634924,76.08123091563148,37.37315293896991
2023-01-26,stable,True,test,Bullish,3,-0.4372335000010576,1.0,2,73.17309797730518,-38.01672841918906,72.13128306878306,-37.400793650793645,78.45946544179085,-24.793864376205917
2023-01-27,stable,True,test,Bullish,4,-0.4442058343600014,1.0,2,64.76068967526487,-28.56734666701533,64.35185185185186,-28.249007936507937,73.1529696471637,-21.364072368167342
2023-01-28,stable,True,test,Bullish,5,-0.44244317509920505,1.0,2,60.00311003077932,27.074111246626778,59.5651455026455,27.951388888888886,67.64746312816192,13.721929803486475
2023-01-29,stable,True,test,Bullish,6,-0.4388678247545008,0.9999999999972273,1,74.30785006775062,30.134716597845824,74.19808201058201,29.83630952380952,77.48660680335193,20.643054033245548
2023-01-30,stable,True,test,Bullish,0,-0.4554524404098539,0.9999999999999999,0,78.67098612980051,-1.2051995474090518,78.62929894179894,-0.5952380952380878,78.9415528357383,-0.48271471400289556
2023-01-31,stable,True,test,Bullish,1,-0.3611091528715808,0.5274547007223025,1,75.76198592243945,-24.567109486370313,74.98346560846561,-26.884920634920626,76.01768341430937,-24.567109486370313
2023-02-01,stable,True,test,Bullish,2,-0.4001707039508875,0.9408896354053206,2,64.68443063046611,-16.187357464223794,63.392857142857146,-18.22916666666667,71.67529513273523,3.2510510913640047
2023-02-09,transition,True,test,Bullish,3,-0.4605036972416319,0.5002792662892656,0,80.87795807944222,-4.647803778487585,80.59689153439153,-4.985119047619037,81.13326179262943,-4.8099853442897
2023-02-17,stable,True,test,Sideways,4,-0.30104857764454285,0.9804564161612951,1,77.15621477941725,0.8283168040478728,76.81051587301587,0.5456349206349245,77.41947960974645,0.6821585477111398
2023-02-18,stable,True,test,Sideways,5,-0.3170139364521929,0.9816321725949877,1,70.68727717114449,-21.089319712233163,70.20502645502647,-20.907738095238102,71.04045700130534,-21.317052691052183
2023-02-19,stable,True,test,Sideways,6,-0.3509381837279696,0.9545881616482432,0,65.0340516358339,-16.10548652256479,64.8065476190476,-15.649801587301589,65.1726860544445,-16.10548652256479
2023-02-20,stable,True,test,Sideways,0,-0.35101962139095605,0.9567642484078898,1,59.762949243335605,4.42182245137132,58.523478835978835,1.5128968253968225,59.93910272995651,4.118476399570476
2023-02-21,stable,True,test,Sideways,1,-0.3658496540543085,0.6211306042940282,1,66.9596577986714,17.460482559705966,65.79034391534391,17.088293650793652,66.99717686668171,17.460482559705966
2023-02-22,stable,True,test,Sideways,2,-0.3330572788871396,0.9454610879854681,1,71.81586719860972,14.276448854745048,70.51091269841271,17.36111111111113,71.85338626662003,14.163891650714113
2023-02-23,stable,True,test,Sideways,3,-0.3191741330229397,0.987606377246995,1,70.81700977359328,-20.164875489685365,70.57705026455027,-20.089285714285715,70.81700977359328,-20.164875489685365
2023-02-24,stable,True,test,Sideways,4,-0.34628954262023115,0.9988500987575778,2,59.707672252322205,-30.43615820392221,59.12698412698413,-31.42361111111112,65.82193395846167,-12.093373085503835
2023-02-25,stable,True,test,Sideways,5,-0.28712264873885907,0.9987211942239654,2,61.24184246779458,21.87553177621144,60.67294973544974,21.800595238095234,67.94894402436451,23.654051327502877
2023-02-26,stable,True,test,Sideways,6,-0.3001537729848202,0.9996809481708753,1,67.68291735918736,32.486361748306244,67.17096560846561,33.75496031746031,74.3900189157573,14.143576629887868
2023-02-27,stable,True,test,Sideways,0,-0.3357936436331309,0.999870262410825,2,79.29141741613238,-0.2131686795042924,78.62103174603175,-1.7113095238095184,81.10712740244468,1.676922176849743
2023-02-28,stable,True,test,Sideways,1,-0.3420829079199788,0.9998491544949294,2,76.38768512282788,-6.15888977788039,75.46296296296296,-7.1676587301587205,77.67502844145969,-5.965470229630441
2023-03-01,stable,True,test,Sideways,2,-0.3415784771368472,0.9997434447695174,2,80.74268084878672,10.725848755347712,79.72056878306877,12.177579365079367,82.03002416741852,7.0572383477022385
2023-03-02,stable,True,test,Sideways,3,-0.36886223159540943,0.999935376157846,0,75.51041743253947,-7.1987620483325685,75.13227513227514,-6.0019841269841265,75.58626324774133,-7.358063699226875
2023-03-03,stable,True,test,Sideways,4,-0.3596263871779664,0.9999299311023198,0,78.89038339624936,-9.083979064627187,78.59623015873017,-9.5486111111111,78.90175602870124,-9.083979064627187
2023-03-04,stable,True,test,Sideways,5,-0.2730663891179717,0.9999837673641417,1,65.99456215640193,-12.264824715452875,65.47619047619048,-13.417658730158735,71.45714796548278,4.054696917078388
2023-03-05,stable,True,test,Sideways,6,-0.30755334287586394,0.9999993992234216,1,63.64998527051725,-24.37239059711628,63.0787037037037,-23.58630952380954,81.03490572012997,11.428731221834951
2023-03-06,stable,True,test,Sideways,0,-0.33841246683196213,0.9999998329784885,1,56.67994131914181,8.693352800788787,56.340939153439145,9.598214285714278,85.77455331336334,27.468787904728345
2023-03-14,transition,True,test,Sideways,1,-0.21777074703874047,0.8319529461489606,2,58.95412459461801,21.302565043635404,58.482142857142854,19.96527777777777,69.42079141649462,13.818212574843841
2023-03-31,transition,False,test,Volatile,4,-0.14399059135996645,0.6906175169170526,2,65.4542392438645,-14.392405829889668,65.26124338624338,-14.856150793650805,65.54322445344201,-14.318866418388666
2023-04-10,transition,True,test,Sideways,0,-0.36520179137941194,0.980410880594664,0,84.98172764204043,-17.55886310744164,84.7635582010582,-17.75793650793652,85.06140861797145,-17.36920771769961
2023-04-20,transition,True,test,Bullish,3,-0.2559140727125452,0.795656835049156,2,78.3975404233738,-13.012879924531319,77.78604497354497,-11.58234126984128,79.35007194547904,-10.417521225257374
2023-04-24,transition,False,test,Volatile,0,-0.24868415767673036,0.870886979332913,0,49.478689522985746,1.8038998211111235,49.46263227513227,2.058531746031747,74.20947565796949,27.3743620441131
2023-05-02,stable,True,test,Sideways,1,-0.22449838689196783,0.9999722888521071,0,78.3657327209087,-35.25715349466427,78.28207671957672,-34.89583333333335,78.44996449679208,-35.245151878182966
2023-05-03,stable,True,test,Sideways,2,-0.2642159460652708,0.9998230335888945,0,71.82212742792665,-12.222568451875546,72.01554232804233,-11.532738095238102,71.90635920381003,-12.46326216304439
2023-05-04,stable,True,test,Sideways,3,-0.28634443526686787,0.9998199363868253,0,69.66870275726414,21.38863205560616,69.73379629629629,20.783730158730172,69.67270329609124,21.376630439124853
2023-05-05,stable,True,test,Sideways,4,-0.29570459763515794,0.9997077819843899,0,74.04903782226673,-2.485332420710364,74.0327380952381,-3.199404761904745,74.04903782226673,-2.485332420710364
2023-05-06,stable,True,test,Sideways,5,-0.291678336319023,0.9971874829018452,1,75.53012033972038,-1.3190468875270795,75.28108465608466,-0.9424603174603163,75.53012033972038,-1.3190468875270795
2023-05-07,stable,True,test,Sideways,6,-0.1719379874597098,0.9773978167247072,2,68.69716142755934,-12.251249875884724,67.93981481481482,-14.136904761904766,68.72506629748314,-12.16753526611334
2023-05-08,stable,True,test,Sideways,0,-0.16825711073058003,0.9968926099322013,3,72.62275920895328,4.848213371110532,71.75925925925925,4.513888888888886,73.29569837885532,6.7833162710452655
2023-05-09,stable,True,test,Sideways,1,-0.16448231413414582,0.9999886531412113,3,64.46012339808142,-5.308077583659511,62.61574074074074,-6.349206349206355,68.50348669239405,4.719480179800847
2023-05-10,stable,True,test,Sideways,2,-0.20470350115563102,0.9999968074190889,3,66.09305012777888,-19.129263030974265,64.31051587301587,-20.510912698412703,79.6128111527284,7.448541870773099
2023-05-11,stable,True,test,Sideways,3,-0.1829220067511714,0.9999986731504378,2,63.49309657957732,21.53626015912141,61.805555555555564,24.4295634920635,77.75817312800342,15.59603725625415
2023-05-12,stable,True,test,Sideways,4,-0.16270667901355895,0.9999913989140753,1,66.33433905882441,-1.6831303350105458,65.31084656084657,-0.9176587301587276,77.22899148283993,-30.196038136692643
2023-05-13,stable,True,test,Sideways,5,-0.16149340327179193,0.9999924314011313,1,65.3869796141594,-14.171480720364578,65.27777777777779,-13.095238095238102,67.59691588545239,-15.883770847214613
2023-05-14,stable,True,test,Sideways,6,-0.18881591293745995,0.9999714220142718,1,56.896175608867566,-12.459879294495401,56.72123015873016,-11.75595238095238,68.64772424541549,20.33600727163391
2023-05-15,stable,True,test,Sideways,0,-0.23094800824349676,0.9999715571858109,2,65.68368689043218,27.52148184367831,65.69940476190476,26.11607142857143,79.25271400411465,30.515157931567522
2023-05-16,stable,True,test,Sideways,1,-0.25066344480643993,0.9999953381165416,1,72.13302131199968,30.648934560213462,71.76752645502647,30.778769841269835,84.88246197784402,-2.14695200591585
2023-05-17,stable,True,test,Sideways,2,-0.2874018933653717,0.9999908180289767,1,86.83975269213398,5.297781001213664,86.46660052910052,5.4067460317460245,88.75074505707694,0.1258872332351899
2023-05-18,stable,True,test,Sideways,3,-0.3021153933817119,0.9999967472616452,0,82.19761468513171,-5.752935442031074,81.77083333333333,-6.175595238095227,82.30928361711511,-5.698470309506035
2023-05-19,stable,True,test,Sideways,4,-0.29808928692782516,0.999954313413079,0,82.98786101891432,-11.10052057884161,82.57275132275133,-10.912698412698404,83.20602567737667,-11.061575062829974
2023-05-20,stable,True,test,Sideways,5,-0.34011725057236813,0.9999991462734545,0,83.83338835154147,21.760777020101955,83.39120370370371,21.94940476190476,83.95803912219542,21.706311887576916
2023-05-21,stable,True,test,Sideways,6,-0.39137322207157904,0.9999989176338558,0,91.15709308862294,13.84743976786551,90.89781746031747,13.938492063492063,91.26358881510187,13.52795258842869
2023-05-22,stable,True,test,Sideways,0,-0.4150563821540415,0.9999972373598229,0,95.61011438388242,-0.2780386909446264,95.30423280423281,-0.1488095238095326,95.61011438388242,-0.2780386909446264
2023-05-23,stable,True,test,Sideways,1,-0.45000703854523844,0.9999993572717486,0,94.41656707532404,-3.7909791168175957,94.23776455026456,-3.7698412698412653,94.41656707532404,-3.7909791168175957
2023-05-24,stable,True,test,Sideways,2,-0.46634331498371234,0.9999558345820481,1,86.3029453430082,-23.852489314860406,86.17724867724867,-23.46230158730158,86.3029453430082,-23.852489314860406
2023-05-25,stable,True,test,Sideways,3,-0.41389106412950877,0.999999263884729,2,74.39798963998741,-32.412263874331856,74.2559523809524,-32.71329365079366,74.93034013652459,-30.815212384720326
2023-05-26,stable,True,test,Sideways,4,-0.410473771864249,0.9999999973065217,2,68.30100686896826,2.2589377670724247,68.3449074074074,2.6785714285714164,68.83335736550544,2.2589377670724247
2023-05-27,stable,True,test,Sideways,5,-0.4412991826633824,0.9999999992892262,1,71.61454439065905,21.802990359274347,71.6683201058201,22.271825396825392,72.14689488719624,20.205938869662816
2023-05-28,stable,True,test,Sideways,6,-0.48353222531786694,0.9999999999986292,0,81.7178743394461,16.188674285086762,81.54761904761905,14.657738095238102,81.7178743394461,16.188674285086762
2023-05-29,stable,True,test,Sideways,0,-0.47640147493438745,0.9396606606040783,3,81.60997361610329,-8.005376968028372,81.50628306878305,-7.415674603174608,81.60997361610329,-8.005376968028372
2023-05-30,stable,True,test,Sideways,1,-0.46933213239703475,0.9762778283728353,3,76.62388773709384,-23.465257124115155,76.42195767195767,-22.61904761904762,76.62388773709384,-23.465257124115155
2023-05-31,stable,True,test,Sideways,2,-0.49477119818620685,0.9889353216571026,3,68.21304034995141,-8.720165706312144,68.38624338624338,-9.325396825396822,68.21304034995141,-8.720165706312144
2023-06-01,stable,True,test,Sideways,3,-0.47599301601569033,0.9999945463972906,1,63.27169141168145,-7.871166145809873,63.235780423280424,-7.614087301587304,63.65351133101556,-6.725706387807563
2023-06-02,stable,True,test,Sideways,4,-0.4774920560038574,0.9999998097396328,1,71.53229106101497,26.549083985312706,71.4781746031746,26.215277777777786,72.04610150011642,26.94505554461476
2023-06-03,stable,True,test,Sideways,5,-0.49305694384582244,0.9944475027014889,1,76.37085176161196,20.619563210288668,76.12433862433862,20.06448412698414,76.88466220071341,19.474103452286357
2023-06-04,stable,True,test,Sideways,6,-0.5242382861314778,0.9998339078343115,0,87.41890965433554,0.4912085843602938,87.15277777777779,0.7440476190476204,87.55090017410288,0.09523702505823906
2023-06-05,stable,True,test,Sideways,0,-0.553392449529862,0.9999378226807071,0,87.71830055430998,12.931574583445126,87.49173280423281,13.293650793650784,87.71830055430998,12.931574583445126
2023-06-06,stable,True,test,Sideways,1,-0.4268504213055414,0.9999998018038565,1,79.18959956255509,-38.11071344314674,79.01785714285714,-38.442460317460316,81.76811721278946,-30.375160492443626
2023-06-14,transition,True,test,Sideways,2,-0.3540427033693004,0.9726854802176796,1,61.51306326266206,27.835483823515055,60.648148148148145,25.32242063492064,90.09021862143317,8.189221243199995
2023-06-19,transition,False,test,Bearish,0,-0.2851793212958959,0.6790177430597489,2,56.159129983980556,5.567674524999013,55.62169312169312,5.481150793650798,68.02389997604892,-24.060186834967276
2023-06-22,transition,False,test,Sideways,3,-0.29910151627020065,0.5976610068550178,1,83.76451391439848,-5.327387872889446,83.31679894179895,-5.084325396825392,83.83755036178268,-5.546497215042052
2023-07-07,transition,True,test,Bullish,4,-0.2578397010931319,0.6058008092008562,1,74.04909634438418,-26.825453714966017,73.37136243386243,-25.14880952380951,76.12670272290475,-24.217682851221184
2023-07-15,stable,True,test,Sideways,5,-0.2662871044419946,0.9941949422867706,1,75.81243917854586,-18.558964238082638,75.4050925925926,-18.526785714285708,76.53387723765123,-17.42450949017949
2023-07-16,stable,True,test,Sideways,6,-0.3130306665555082,0.9999841558450455,2,71.90568124135596,-7.7903291882818735,71.52777777777779,-7.415674603174594,72.4881516608694,-7.9863827801433445
2023-07-17,stable,True,test,Sideways,0,-0.3471508935039295,0.9999755786868209,1,77.01908202159444,29.96922195551025,76.72784391534391,29.910714285714278,77.57097567692205,28.52218758813531
2023-07-18,stable,True,test,Sideways,1,-0.33940083776681457,0.9998994385379292,1,78.90142543302522,-1.1916601922206098,78.45568783068784,-1.7113095238095184,80.19309648311848,2.579029658755232
2023-07-19,stable,True,test,Sideways,2,-0.3514139929691953,0.9999094639843888,0,85.9248203806906,-2.0603466860011963,85.45800264550265,-2.0089285714285694,87.22579983469724,-2.1367447735649563
2023-07-20,stable,True,test,Sideways,3,-0.37061396699943705,0.9999784880299157,0,85.07299558222799,21.766717325830072,84.5816798941799,22.098214285714278,86.36334560485774,18.068462480027492
2023-07-21,stable,True,test,Sideways,4,-0.38052458774614417,0.9999684365926379,0,84.74937196486383,-23.232715887309183,84.41633597883597,-23.214285714285722,85.17721373426586,-22.077476007756673
2023-07-22,stable,True,test,Sideways,5,-0.4250025054747104,0.9999806455038244,0,85.6667322244117,3.24720848803031,85.38359788359787,3.521825396825392,86.08526558990036,3.1747734828570486
2023-07-23,stable,True,test,Sideways,6,-0.4219011473180564,0.9999999598844593,0,86.2273518637591,24.419447095964642,86.04497354497356,24.578373015873026,86.93760068351715,24.183863372653505
2023-07-24,stable,True,test,Sideways,0,-0.44302315759591987,0.9999860831472767,0,89.93131196626223,-14.872916358443405,89.70734126984127,-15.128968253968253,90.6035475588305,-13.803790948720135
2023-07-25,stable,True,test,Sideways,1,-0.4165355899587599,0.9999996596471828,0,81.35908016719208,-24.151345827222272,81.16732804232805,-24.082341269841265,82.275062493518,-24.367686993930818
2023-07-26,stable,True,test,Sideways,2,-0.46188792328140943,0.9999999853481186,0,81.22254184950542,12.897951835395261,81.04332010582011,13.219246031746039,81.82266371983751,11.828826425671991
2023-07-27,stable,True,test,Sideways,3,-0.48582162110120336,0.9999993543282565,0,84.12339119181446,19.5463270656942,83.9699074074074,19.27083333333333,84.37836582368821,18.84877055876943
2023-07-28,stable,True,test,Sideways,4,-0.5079335277815629,0.9999999903818696,0,85.62775155972334,-19.228649770435723,85.26785714285715,-19.816468253968253,85.65550086272725,-19.179085555772204
2023-07-29,stable,True,test,Sideways,5,-0.5472338032056612,0.9999994456680525,0,85.32109973709039,3.275448340569298,84.86276455026456,3.224206349206341,85.34884904009431,3.241764646221071
2023-07-30,stable,True,test,Sideways,6,-0.5973438370823362,0.9999990888557161,0,86.62428592349158,18.942804521171183,86.22685185185185,19.469246031746025,86.64080732837942,18.893240306507664
2023-07-31,stable,True,test,Sideways,0,-0.6012131800647573,0.9999999977881707,0,91.83020416775084,-2.6909395697591094,91.6170634920635,-2.430555555555557,92.0777399779595,-1.9483321391331287
2023-08-01,stable,True,test,Sideways,1,-0.6280426887744154,0.9999999840066933,0,91.60341392837428,-1.3144809367639567,91.45171957671958,-1.3640873015872899,91.87839185887225,-1.2321545758960468
2023-08-02,stable,True,test,Sideways,2,-0.6090483609508383,0.9999994456175034,2,84.20286100116608,-18.8766089932312,83.93683862433863,-19.246031746031733,84.82109423565045,-18.58945051189798
2023-08-03,stable,True,test,Sideways,3,-0.5688741209386949,0.9999957203382241,2,78.37820918736749,-19.48452429302526,77.9265873015873,-19.965277777777786,78.941467330284,-18.989168497970766
2023-08-04,stable,True,test,Sideways,4,-0.5868755559715761,0.999981336756175,2,78.3364047658551,20.761764580323458,77.77777777777779,20.734126984126974,78.96931221105386,20.02327293607894
2023-08-05,stable,True,test,Sideways,5,-0.5955711565970085,0.9997420504118656,0,83.921097624305,15.351425023514352,83.37466931216932,15.575396825396837,84.46593460268353,15.53929737909047
2023-08-06,stable,True,test,Sideways,6,-0.6521920654241752,0.9999988116605526,0,92.3213931308344,5.8417754911001225,91.9890873015873,6.324404761904759,92.67366939057213,5.550501223385439
2023-08-07,stable,True,test,Sideways,0,-0.6933038293614834,0.9999571814058484,0,93.00810263415995,6.067814514950356,92.82407407407408,6.448412698412682,93.26328747132612,5.302260003451835
2023-08-08,stable,True,test,Sideways,1,-0.6841311232378955,0.9998950009103892,0,91.81535719313148,-13.427697819159278,91.5839947089947,-13.988095238095227,92.16799465244428,-12.369785441220884
2023-08-16,transition,True,test,Sideways,2,-0.8570860544869257,0.9999926009618167,2,86.1695342901548,2.229940611835417,85.84656084656086,2.132936507936506,86.60237515527626,1.7235428192383182
2023-08-29,transition,True,test,Bearish,1,-0.43561512500089034,0.9999999999999999,0,89.5489640606575,-13.85847104027917,89.22784391534391,-14.211309523809518,89.94457156317056,-12.734406838900298
2023-09-01,transition,False,test,Sideways,4,-0.28722564352753105,0.5192876400699437,3,63.85939741428899,-17.46425675712534,63.541666666666664,-17.584325396825406,66.04120151329015,-14.001977390941455
2023-09-13,transition,True,test,Bearish,2,-0.32013877595998363,0.9751252357965772,2,60.94317666486612,-18.386512244611964,60.71428571428572,-18.47718253968253,66.69363590996095,-8.389627019035167
2023-09-21,stable,True,test,Sideways,3,-0.414627752708434,0.9999999668285289,2,87.83455135010989,7.991888541397941,87.44212962962963,7.614087301587318,88.54823908385147,8.319488594779529
2023-09-22,stable,True,test,Sideways,4,-0.3690696894277221,0.9963312250466174,0,85.74278714843706,-20.141968991887182,85.26785714285715,-20.23809523809524,88.73998228886762,-13.328027064634611
2023-09-30,transition,True,test,Sideways,5,-0.4754194707291813,0.9159797426685895,1,70.79824791070813,-6.810874145181742,70.79199735449735,-6.473214285714292,73.97851969259537,-13.28928174326306
2023-10-03,transition,False,test,Bullish,1,-0.315385595116207,0.8279064809208636,2,61.47814114377229,-8.739965036138827,61.49140211640212,-8.878968253968246,62.30067207669597,-7.209426907172677
2023-10-11,transition,True,test,Sideways,2,-0.2610324802327187,0.7840752821631273,1,71.8125839624499,-8.257790117300516,71.46164021164022,-7.886904761904773,78.07329683232503,-8.55431562432527
2023-10-16,transition,False,test,Bearish,0,-0.35645225273447306,0.9999934561352509,2,81.73365609053592,30.374431260721224,79.93551587301587,34.82142857142858,87.62521830162274,13.303882473992175
2023-10-22,transition,False,test,Sideways,6,-0.28287746111098927,0.9993700473465419,1,68.77270909985613,-18.129352115927496,68.76653439153439,-17.683531746031747,71.5065651042435,-21.340082534783328
2023-10-30,stable,True,test,Bullish,0,-0.13125615475402763,1.0,1,80.5028934117505,24.9194197791754,79.6875,24.776785714285715,82.03597067415303,21.11772844398034
2023-10-31,stable,True,test,Bullish,1,-0.13354073430409316,1.0,0,83.59735096997241,-16.330507227971566,82.80423280423281,-16.319444444444443,84.60235374757758,-14.078185494142843
2023-11-01,stable,True,test,Bullish,2,-0.159103631567259,1.0,0,84.6730151829259,3.921452762322346,83.92030423280424,4.241071428571416,85.6078609857107,3.676127984835418
2023-11-02,stable,True,test,Bullish,3,-0.15172107079294303,1.0,0,80.81148769332219,4.051464635698537,80.05125661375662,3.819444444444443,84.88825080346481,11.259748676969124
2023-11-03,stable,True,test,Bullish,4,-0.07896509105776503,1.0,0,75.57685527852026,-35.26139711123781,74.8015873015873,-35.41666666666666,81.97324433293234,-25.839726620139558
2023-11-04,stable,True,test,Bullish,5,-0.09792380321681475,1.0,0,68.12795876322956,-6.840654314738629,67.35284391534391,-6.4980158730158735,75.4003356338129,-13.883767565785334
2023-11-05,stable,True,test,Bullish,6,-0.1259849946371182,1.0,0,67.94931674079477,19.219435812799986,67.42724867724867,19.791666666666657,72.23558962331309,10.510530057067115
2023-11-06,stable,True,test,Bullish,0,-0.1340534431139969,1.0,1,69.82086707031853,-7.300056576794411,69.56018518518519,-6.671626984126981,71.25113956084162,-9.074350710195596
2023-11-07,stable,True,test,Bullish,1,-0.14858254976107335,1.0,1,65.74101812322915,-18.54427508870244,65.74074074074075,-18.179563492063494,66.47742535958841,-18.710672138045545
2023-11-08,stable,True,test,Bullish,2,-0.14087417520358803,1.0,2,60.57597415405235,-1.890347083301691,59.97850529100529,-3.893849206349209,62.888476609492805,2.6970339941946904
2023-11-09,stable,True,test,Bullish,3,-0.1692657680859235,1.0,1,72.21818783657345,39.86613131203706,71.56084656084657,39.533730158730165,74.34232698182089,39.6083430105483
2023-11-10,stable,True,test,Bullish,4,-0.06294382675428312,1.0,2,77.13248498109719,11.69374825239911,75.95899470899472,12.301587301587304,80.03623019043971,9.137883738097699
2023-11-11,stable,True,test,Bullish,5,-0.03772875478726297,1.0,1,75.5702482441128,-41.5036983418181,74.88425925925925,-41.86507936507936,77.8281056856626,-38.288890637120836
2023-11-12,stable,True,test,Bullish,6,-0.03389707921621366,1.0,1,58.70382157747192,-25.47604012145682,57.986111111111114,-24.35515873015874,61.55842755036726,-26.282401021194175
2023-11-13,stable,True,test,Bullish,0,-0.04484296214960988,1.0,1,57.602094586361034,13.075277490019609,57.051917989417994,12.723214285714285,59.640125349406695,10.007350649547242
2023-11-14,stable,True,test,Bullish,1,-0.026356789397947715,1.0,1,61.144493828127786,19.722779383404813,60.54067460317461,19.29563492063493,66.09148823016521,29.874232411040765
2023-11-15,stable,True,test,Bullish,2,0.06919595566990347,1.0,1,63.9711451274521,-13.690905250151275,63.17791005291006,-13.64087301587302,72.9832682232153,0.14784556083783684
2023-11-16,stable,True,test,Bullish,3,0.05080788713278964,1.0,1,59.22758486875469,-11.782601011372819,58.614417989417994,-11.433531746031747,70.30593560194905,-17.378735856527122
2023-11-17,stable,True,test,Bullish,4,0.16861436119399978,0.9999993245519184,1,54.94447996003557,-1.606489240725466,54.78670634920635,-0.09920634920634797,66.9914961500617,-0.7444259237715016
2023-11-18,stable,True,test,Bullish,5,0.17510872376188713,0.9999984347202635,1,55.048697415199975,0.8524278914341465,55.00992063492064,0.7192460317460245,66.60776885869153,7.028661550526074
2023-11-19,stable,True,test,Bullish,6,0.151096805744375,0.9999967684396581,0,51.59990767480722,-9.27965550639373,51.48809523809524,-10.51587301587302,70.34971195094754,3.7904117759029248
2023-11-27,transition,True,test,Bullish,0,0.07716158929302658,0.9999999201378719,1,67.04013341973034,15.686725739534822,66.16236772486774,16.0218253968254,69.76688662503602,17.675500675246326
2023-12-01,transition,False,test,Volatile,4,0.030616791026324468,0.9085892433997685,0,80.08936805996427,30.804819936692738,79.76190476190477,30.23313492063491,83.55655343187794,26.036172064032172
2023-12-15,transition,True,test,Bullish,4,0.1472847428887762,0.9999999994426548,1,62.57650289644176,-21.46238920334885,62.45039682539683,-21.081349206349223,67.42149968401121,-7.382333979085317
2023-12-23,stable,True,test,Volatile,5,0.16969087153062956,0.918805541354274,2,54.602797632158484,10.151974637242823,54.63789682539683,9.375000000000007,66.85948707744427,8.263601414827633
2023-12-24,stable,True,test,Volatile,6,0.1542512739953841,0.9575052365402219,2,56.807566249979146,5.430554602643944,56.39054232804233,5.481150793650791,65.0714467066279,-4.67768850150896
2023-12-25,stable,True,test,Volatile,0,0.1643051865148371,0.9971241762782287,2,64.29914610758978,13.506516186407133,63.1035052910053,10.540674603174608,69.84790010026471,5.3793261551426355
2023-12-26,stable,True,test,Volatile,1,0.1291365157613476,0.9971501770372202,1,73.78770353338643,32.003341061170765,72.37929894179895,31.94444444444445,75.94484271144086,31.918550360805227
2023-12-27,stable,True,test,Volatile,2,0.1527568066410625,0.9998652716846488,1,76.08363304180803,-10.156396444923118,74.78505291005291,-7.440476190476204,81.10597556171963,-3.5236501315830964
2023-12-28,stable,True,test,Volatile,3,0.15821257001978653,0.9784431715199479,1,70.24116811457752,-32.48655087267438,69.84953703703704,-32.09325396825397,77.40673194762836,-24.009232520659666
2023-12-29,stable,True,test,Volatile,4,0.1832832793384615,0.999712376512711,1,60.69912965811117,-3.5105628334931183,60.333994708994716,-3.819444444444443,67.38258544436191,-13.637287699830374
2023-12-30,stable,True,test,Volatile,5,0.22626559083695624,0.9414276706616763,3,55.6417290149991,-7.801203592567738,55.18353174603175,-8.085317460317462,59.6250529516754,-15.698516767368794
2023-12-31,stable,True,test,Volatile,6,0.19683900278170716,0.9995564540711341,2,53.612314214414745,-9.948679905028406,52.97619047619048,-10.168650793650798,61.836206853965756,12.696668696010668
2024-01-01,stable,True,test,Volatile,0,0.17513522735863107,0.9998696660470753,3,60.943001911178406,33.653702186134055,60.201719576719576,33.30853174603175,70.89079590006936,36.79907691654001
2024-01-02,stable,True,test,Volatile,1,0.1388912897170771,0.9305239123842541,1,70.79251164817248,27.835570020167523,70.1306216931217,28.32341269841271,80.50424854942939,6.508379473840236
2024-01-10,transition,True,test,Volatile,2,0.2620927803511251,0.9556791245320336,2,65.98230829711385,-32.92123440109228,65.85648148148148,-31.870039682539677,71.63832925607352,-33.88718739867116
2024-01-18,transition,True,test,Bullish,3,0.2949883282543379,0.8506526914619672,0,76.00413380699825,11.955479550047556,75.72751322751323,10.962301587301596,79.98492287745673,11.52362291503563
2024-01-27,transition,True,test,Volatile,5,0.2955958444772933,0.5058819081247341,2,60.36689719954396,-11.232149521223398,59.97850529100529,-10.788690476190482,64.37060169767877,-4.995317299421316
2024-01-30,transition,False,test,Bearish,1,0.1897928847125713,0.8052461561352066,0,81.99288988022997,-6.2858354727056565,81.4401455026455,-6.845238095238102,84.06707441929393,-1.6048498594369391
2024-02-07,transition,True,test,Volatile,2,0.010755593970088245,0.9881617318641454,0,78.25334738422193,-7.837489553990039,77.60416666666667,-8.159722222222214,80.37743689897324,-8.540038985360269
2024-02-11,transition,False,test,Sideways,6,-0.0761582111002352,0.7315711735440334,0,64.44098482397415,-2.78717308677075,63.8806216931217,-1.7113095238095184,64.65847634691187,-2.5327555559193797
2024-02-19,stable,True,test,Bullish,0,-0.024398449981598104,1.0,1,63.198179699110334,33.51971256563437,62.7066798941799,33.08531746031747,65.03756739321558,33.65378022687149
2024-02-20,stable,True,test,Bullish,1,-0.022213267969751697,1.0,2,67.20529280934936,15.777234749881686,66.89814814814815,16.170634920634917,69.03595608463216,13.09807552965939
2024-02-21,stable,True,test,Bullish,2,-0.004759653568011178,1.0,1,70.52054605123372,-27.329848259145876,70.14715608465609,-26.934523809523817,71.48779337102066,-27.401177823115653
2024-02-22,stable,True,test,Bullish,3,0.041161429436351656,1.0,2,58.758082880472905,-13.789016277365143,58.77149470899471,-13.616071428571423,59.86017174977752,-13.224250711107643
2024-02-23,stable,True,test,Bullish,4,0.05448805658218742,1.0,1,54.41849001648148,-7.187303567745715,53.94345238095238,-8.060515873015873,59.91959393892324,5.920830237931035
2024-02-24,stable,True,test,Bullish,5,0.057100635708273194,1.0,1,58.5129705494251,20.240982851967438,57.8125,18.799603174603185,64.38087281939288,20.865523682022697
2024-02-25,stable,True,test,Bullish,6,0.028986882033459,1.0,0,70.21962878160936,34.349737011161906,69.32043650793652,35.39186507936508,76.0066493462409,21.47481230199925
2024-02-26,stable,True,test,Bullish,0,0.010333947166053402,1.0,0,72.75385468425961,-11.868067458625816,72.0816798941799,-11.383928571428584,75.47775680981863,-9.049684012744706
2024-02-27,stable,True,test,Bullish,1,0.022375155087886078,1.0,1,69.39452475375897,-24.956981636087228,69.18816137566138,-24.404761904761898,71.67339892850708,-25.42487954245597
2024-02-28,stable,True,test,Bullish,2,0.01125171866178889,1.0,1,62.913584913581666,7.3042397826792325,62.45039682539683,6.894841269841265,64.79035341736667,2.412353377844809
2024-02-29,stable,True,test,Bullish,3,0.08562085111962414,1.0,1,63.81621389057093,0.9178092638438429,63.64087301587302,0.8680555555555429,64.25804151453845,0.7664539227052316
2024-03-01,stable,True,test,Bullish,4,0.14985081877443496,1.0,1,63.5628900951646,-6.274133501774273,63.26884920634921,-5.307539682539684,64.37340507838111,-4.429652317506708
2024-03-02,stable,True,test,Bullish,5,0.1098029259490556,1.0,2,57.768705047976304,-12.786202289853435,57.58101851851851,-13.74007936507936,60.04904450251012,-8.963792641283511
2024-03-03,stable,True,test,Bullish,6,0.07884525199130472,1.0,2,56.60024088235226,-1.82761184680934,56.20039682539683,-2.157738095238088,58.95883297688664,-2.8502713456932085
2024-03-04,stable,True,test,Bullish,0,0.06133682110099285,1.0,2,60.29180665110451,22.183118946047387,59.29232804232805,21.03174603174603,62.85089222180911,20.21960714487369
2024-03-05,stable,True,test,Bullish,1,0.06972163131543684,1.0,1,63.45300767111964,0.20279326706408796,62.66534391534392,0.5208333333333286,68.82422989335113,12.226854950212974
2024-03-06,stable,True,test,Bullish,2,0.31919748103705387,1.0,3,65.25660611904578,-7.491513809287611,64.45105820105822,-6.076388888888886,71.64781710417354,-6.055687447993378
2024-03-07,stable,True,test,Bullish,3,0.33976987895144484,1.0,2,62.31088128904168,3.8623413959896737,62.1114417989418,3.893849206349202,67.88677173657669,-8.983541972542909
2024-03-08,stable,True,test,Bullish,4,0.33143178332792983,1.0,2,59.993416776283006,-12.160395614990406,59.65608465608466,-12.202380952380963,62.32327801263076,-12.93438785409208
2024-03-09,stable,True,test,Bullish,5,0.32246509294219505,1.0,1,58.20624805461663,-4.015845484274436,58.30853174603175,-3.100198412698397,59.89955387481623,-2.0437237586464008
2024-03-10,stable,True,test,Bullish,6,0.27202497498836153,1.0,1,56.231405206206425,4.890206389035079,56.38227513227513,5.481150793650791,58.09914694933837,2.3057184228613536
2024-03-18,transition,True,test,Bullish,0,0.5618311471415322,0.7269983916828002,1,69.30105837906224,-30.176390424320147,68.9401455026455,-29.439484126984127,71.9844952303955,-26.32171487216506
2024-03-22,transition,False,test,Volatile,4,0.701417737839366,0.6851504482915298,0,62.628740298421945,-4.342708440722475,62.59920634920635,-4.067460317460309,63.20634662131338,-2.609889472048181
2024-04-01,transition,True,test,Bearish,0,0.47220136759688086,0.5379954547695126,1,71.08259329781923,3.947746923621551,70.7175925925926,4.4394841269841265,76.80335041664395,-11.140833654877511
2024-04-08,transition,False,test,Volatile,0,0.4526828582386479,0.5166939353378875,1,79.1011900005863,14.744091973808061,78.49702380952381,15.054563492063501,82.4721215001636,7.049332466879179
2024-04-16,transition,True,test,Bearish,1,0.7808267326213069,0.7863239235912748,1,61.5809093000342,-13.534296025659394,61.400462962962955,-13.268849206349216,64.60742539720228,-17.703473046095432
2024-05-01,transition,True,test,Volatile,2,0.5869698598202664,0.8340918332583851,2,60.006648376843295,5.229610559423946,59.002976190476204,4.365079365079353,64.22981468598864,3.0025994386398906
2024-05-15,transition,True,test,Bearish,2,0.34787121020877665,0.9999674778438252,2,77.42531787090353,-13.842902033427038,77.3478835978836,-14.012896825396822,80.15646214951319,-12.428811808531393
2024-05-22,transition,False,test,Volatile,2,0.2811184781896618,0.9268232314116484,2,59.641954220619645,10.469141074907064,59.366732804232804,10.044642857142854,60.67324840341328,10.75142407629513
2024-05-30,stable,True,test,Bullish,3,0.28618516192513765,0.9999999854501926,4,55.79968574738381,-19.11785982900821,55.77050264550265,-17.212301587301596,61.975991833019805,-1.1936174639093053
2024-05-31,stable,True,test,Bullish,4,0.26904720826270456,0.9999999892777683,4,49.589896451707865,2.7332022471044866,49.52876984126985,3.1498015873015888,63.48545828624511,25.28629360199917
2024-06-01,stable,True,test,Bullish,5,0.24527731338584902,0.9999999969686655,3,52.498196945395755,6.480191175939552,51.97585978835979,2.6785714285714164,74.01833216385505,12.03434485441592
2024-06-09,transition,True,test,Bullish,6,0.08131124793821584,0.7998056859061521,1,76.6373595064594,-27.851306021734402,75.7936507936508,-27.40575396825396,83.3882091998443,-17.6682892757931
2024-06-15,transition,False,test,Sideways,5,0.13717771305512588,0.9556983167021801,1,55.9808747990056,-9.842280971070096,56.10119047619048,-10.639880952380963,68.67332345785377,12.686611307591306
2024-06-23,transition,True,test,Volatile,6,0.028265263210552057,0.8925066085492457,3,64.21981451552661,38.34381359073722,61.789021164021165,38.51686507936508,72.09046618279245,30.603168619392406
2024-06-29,transition,False,test,Bearish,5,0.015735831106924055,0.7596785751350218,1,61.89667169715123,21.14288033731126,61.3343253968254,20.858134920634924,79.9403760359282,-14.249187051173237
2024-07-07,transition,True,test,Sideways,6,0.19882158070020822,0.9408342428695587,0,58.57122753044348,-9.880631258673972,58.25892857142858,-9.895833333333336,61.11811421794105,-11.497414450108039
2024-07-17,transition,True,test,Bearish,2,0.09441706357375797,0.519265301137483,1,73.3845587103958,-19.79573229948474,72.1064814814815,-19.866071428571423,73.54880666846189,-19.341008779592066
2024-07-24,transition,False,test,Bullish,2,0.02095532271623116,0.9999055623431885,0,72.7621438658028,-30.95436621350767,72.45370370370371,-31.62202380952381,76.53684326422591,-25.255479119243695
2024-08-04,transition,True,test,Volatile,6,0.2620187357137347,0.977225045359626,3,61.362230123920995,5.298555676357779,61.31779100529101,4.2658730158730265,65.49339011499895,8.623188160293772
2024-08-12,stable,True,test,Bearish,0,0.6252478271518893,0.99999998406487,2,59.31920681475746,2.6325149372941965,58.639219576719576,3.249007936507944,60.68429799536518,1.7752475160424552
2024-08-13,stable,True,test,Bearish,1,0.5766586177251042,0.9999969754512917,3,58.69253903237393,2.5282372593151976,58.06051587301587,1.934523809523803,60.02132118655452,0.03857148071419658
2024-08-14,stable,True,test,Bearish,2,0.5580882802901559,0.9999902914535095,3,63.75976492532177,8.160922135083496,62.723214285714285,7.068452380952387,64.00921170597856,8.160922135083496
2024-08-15,stable,True,test,Bearish,3,0.5566887938154879,0.9999617934492225,1,63.14964714717442,2.6821649500028144,62.07010582010582,3.025793650793652,63.48468142064661,2.1905870864785797
2024-08-16,stable,True,test,Bearish,4,0.5788047625307206,0.9999645273274684,1,59.83796905681297,-22.608474690612674,58.870701058201064,-21.651785714285715,60.30045533437963,-21.477778336358888
2024-08-24,transition,True,test,Bearish,5,0.280599132548373,0.7581132993750095,1,73.95511211251818,-3.6778360910713133,73.51190476190477,-4.761904761904759,74.75154194962914,-3.9341843214133547
2024-08-27,transition,False,test,Sideways,1,0.208176549383232,0.9971155066531789,1,66.00221635810108,-3.9209632989113885,65.40178571428572,-5.2331349206349245,66.04453051444848,-3.9209632989113885
2024-09-05,transition,True,test,Bearish,3,0.2954293002808901,0.8477306111915477,1,48.98913193991643,1.6821427196896295,47.676917989417994,2.430555555555557,63.06734661217985,-1.9129705764275968
2024-09-10,transition,False,test,Sideways,1,0.3038519118842882,0.5451267506009986,1,52.064988099050915,-10.00938758879488,51.32275132275132,-10.019841269841272,70.38862530739216,-9.409287758274886
2024-09-19,transition,True,test,Bearish,3,0.1605277578122808,0.6474302887454964,2,47.42578544856054,3.6924942022376896,46.982473544973544,2.9513888888888786,67.1183091571604,8.853128196306912
2024-09-26,transition,False,test,Sideways,3,0.05188273790225902,0.5257198204719118,1,61.412265627759176,-11.65247372613269,60.342261904761905,-13.963293650793652,62.20161791080671,-9.379965815409129
2024-10-02,transition,False,test,Bullish,2,0.08055666741494626,0.9827296055738619,1,73.98207357925808,-29.494175637213104,73.28869047619048,-30.952380952380956,78.74191097219028,-15.991654767752095
2024-10-16,transition,True,test,Sideways,2,-0.07544692051510025,0.7579223173454025,1,74.20035473775933,-27.46229843770142,73.87566137566137,-27.48015873015872,74.25056291903753,-27.46229843770142
2024-10-25,transition,True,test,Bullish,4,-0.13440068456559623,0.9876747791482684,3,67.98384573967742,8.628543806553225,67.55952380952381,9.647817460317455,68.19956350121322,8.37447440953509
2024-11-06,transition,True,test,Sideways,2,-0.023112242309757124,0.996650425366209,2,69.66860454502151,-9.23790650363469,69.46097883597884,-8.73015873015872,71.63474076773771,-14.152782320090722
2024-11-14,stable,True,test,Bullish,3,0.09113171931565424,0.9999999999999128,1,64.09907673898627,-11.697569227354265,63.51686507936508,-11.557539682539698,64.23361815459833,-11.661247535997944
2024-11-15,stable,True,test,Bullish,4,0.1563029351012914,0.9999999067702842,1,69.03398935490155,17.16879842102867,68.64252645502644,17.509920634920633,69.1685307705136,16.801495865548816
2024-11-16,stable,True,test,Bullish,5,0.12628594219112194,0.999999996365365,2,67.62628633248853,5.110399586832379,67.35284391534391,5.555555555555557,67.97209434245097,6.075180234007085
2024-11-17,stable,True,test,Bullish,6,0.10340450387234565,0.9999999995440838,1,62.77851356117929,-41.04562538902781,62.45866402116402,-41.61706349206349,65.8291316924038,-32.89487333388532
2024-11-18,stable,True,test,Bullish,0,0.10584338766670871,0.999994008232718,1,52.4696655267776,-9.53463661493737,52.083333333333336,-9.74702380952381,57.208419522588976,-5.471331359707783
2024-11-19,stable,True,test,Bullish,1,0.07174257286286913,0.9999999983571652,1,48.742801897718785,8.473127013583678,48.2473544973545,8.730158730158728,56.95181620444716,11.734258229723196
2024-11-20,stable,True,test,Bullish,2,0.09835347505073705,0.9902498842867821,3,54.362468814799335,6.7399194654189,53.645833333333336,5.704365079365083,61.45325589769095,6.471582255290542
2024-11-21,stable,True,test,Bullish,3,0.09848570581856986,0.9371275080027301,3,61.53605156054408,23.16670250947329,60.84656084656084,23.36309523809524,67.1109350690115,12.2715161086793
2024-11-22,stable,True,test,Bullish,4,0.09396315200437798,0.9999894153576073,3,67.8145356724793,10.449578598147724,67.00562169312168,11.011904761904766,71.58568483868878,11.654188459023644
2024-11-23,stable,True,test,Bullish,5,0.10187102762858799,0.9999759827049629,1,69.37387645366915,-10.102806428245785,68.58465608465609,-11.160714285714278,71.54633549200122,-10.619503298733804
2024-11-24,stable,True,test,Bullish,6,0.08879947393629674,0.9999999689632066,1,68.26468131634162,1.0036647616849876,67.44378306878308,1.4632936507936591,70.264908064511,-4.997015482823187
2024-11-25,stable,True,test,Bullish,0,0.09579928053762334,0.9999997310675159,1,64.55166253327367,-5.36750009462564,64.02943121693123,-3.9682539682539755,64.58313507035932,-5.273082483368732
2024-11-26,stable,True,test,Bullish,1,0.11067565050514207,0.9999997575888858,2,65.3579942625106,-4.356225828552368,65.21164021164022,-4.191468253968267,65.38946679959624,-4.356225828552368
2024-11-27,stable,True,test,Bullish,2,0.1515604662562974,0.9858057405016111,4,60.06060440166912,-3.7494484716356453,58.94510582010582,-7.093253968253968,60.22078599579765,-3.4577389117638972
2024-11-28,stable,True,test,Bullish,3,0.13576803967551812,0.9992337782063889,4,62.39593622837375,-0.7804998022225647,60.97883597883598,-1.4136904761904816,63.51511431725316,2.1909072932869975
2024-11-29,stable,True,test,Bullish,4,0.13344621766649103,0.9992999284049681,3,62.20177623919934,10.953463786448864,60.64814814814815,13.616071428571423,63.32095432807875,10.567336615320208
2024-11-30,stable,True,test,Bullish,5,0.099705280586127,0.9999891231795703,1,62.16314125998753,-10.871348889384926,61.68154761904761,-10.094246031746032,63.15361029182406,-13.842755984894488
2024-12-01,stable,True,test,Bullish,6,0.06353816424823938,0.9999999218465858,0,64.58978158561604,7.081901142186169,64.36011904761905,7.614087301587304,64.58978158561604,7.081901142186169
2024-12-02,stable,True,test,Bullish,0,0.022403352759907867,0.9999999999984858,0,61.93445988396914,3.103403619143549,61.846891534391524,2.9761904761904745,61.93445988396914,3.103403619143549
2024-12-03,stable,True,test,Bullish,1,0.04935448786371853,0.9999999998774441,1,60.71431420330823,-21.81170690825315,60.25958994708994,-22.891865079365083,60.71937682407918,-21.796519045940315
2024-12-04,stable,True,test,Bullish,2,0.05370168217687722,0.9999999999358585,1,59.01946687107637,9.963324250431306,58.531746031746025,9.970238095238102,59.02452949184732,9.963324250431306
2024-12-05,stable,True,test,Bullish,3,0.03122089426360976,0.9999999999995798,2,61.255867058795445,13.473041224283499,60.7390873015873,14.360119047619058,61.35749523787435,13.747550036894523
2024-12-06,stable,True,test,Bullish,4,0.07588866601217285,0.9999999999731676,1,69.62219330593472,8.371813829860201,69.22123015873017,7.738095238095241,69.71875886424266,8.371813829860201
2024-12-07,stable,True,test,Bullish,5,0.06459409712929251,0.9999999999993697,1,71.53307376863042,8.98676507536122,70.61838624338624,7.539682539682531,71.62963932693837,8.69706840043736
2024-12-08,stable,True,test,Bullish,6,0.012009634516485028,1.0,0,70.96423633795992,-13.332449809145764,70.23809523809523,-12.227182539682552,70.96423633795992,-13.332449809145764
2024-12-09,stable,True,test,Bullish,0,-0.027235204486342417,1.0,1,68.66207615075085,-4.267308119854206,67.92328042328042,-3.3978174603174693,68.66207615075085,-4.267308119854206
2024-12-10,stable,True,test,Bullish,1,0.1651925401759794,0.9993385028066282,2,64.37166507459479,-2.177955861095434,64.19477513227513,-2.5049603174603092,66.04628504640976,2.8459040543494822
2024-12-18,transition,True,test,Bullish,2,0.07111481471168292,0.8119412561607854,2,70.75406175914854,-24.449054070444802,70.84986772486774,-23.2638888888889,70.79845473021267,-24.582232983637198
2024-12-26,stable,True,test,Volatile,3,0.27038651626613086,0.9987648716244552,1,50.40437910291836,-10.038713504487,50.124007936507944,-10.019841269841272,63.728369544377834,19.58946003172943
2024-12-27,stable,True,test,Volatile,4,0.3131160497152084,0.991247223333124,0,49.51416481716649,3.8297888102654127,49.34689153439154,3.720238095238095,66.56600656448175,11.596768456169954
2024-12-28,stable,True,test,Volatile,5,0.28517199270074856,0.989576149698283,0,49.16124074834017,2.479509630487037,48.96660052910053,2.827380952380949,67.02856073766874,-21.285654908026643
2024-12-29,stable,True,test,Volatile,6,0.22744651571402194,0.9984672687481856,1,59.316379021009844,23.097344170777625,58.99470899470899,22.395833333333336,69.73849525207275,19.2063525146297
2025-01-06,transition,True,test,Volatile,0,-0.046786814163847126,0.5039117858806176,1,71.56790415557184,-27.703858024703955,71.32109788359789,-27.380952380952387,71.79219385266599,-28.181737383424057
2025-01-15,transition,True,test,Sideways,2,0.13817120028582142,0.9240795276435251,2,58.12840342525314,-5.439118348717571,58.18452380952382,-3.596230158730151,73.31582106532755,-27.402628524150572
2025-01-28,transition,True,test,Volatile,1,0.18936480077227386,0.5402846435361208,3,71.62590708774337,2.0365546815572415,70.9160052910053,3.348214285714292,75.02334369899741,-6.055727767910014
2025-02-05,transition,True,test,Sideways,2,0.608017615901517,0.7472210459764081,1,63.36425131228731,-5.370472500243622,63.260582010582,-4.910714285714299,63.436047029922655,-5.585859653149683
2025-02-13,stable,True,test,Bearish,3,0.4498870480283971,0.9999572131092871,2,55.78716276482905,4.710166971684735,54.24107142857142,3.0009920634920633,63.053222640476385,-0.6234059850084179
2025-02-14,stable,True,test,Bearish,4,0.4486587633520326,0.9996140813706206,1,55.50054262706352,-11.77836709031424,53.93518518518518,-11.160714285714292,59.32606293329269,-8.534109506751172
2025-02-15,stable,True,test,Bearish,5,0.3993187198312762,0.998553032592266,1,51.282048163155515,-6.44714368639108,49.90079365079365,-4.8611111111111,61.3107947990603,3.930231967511304
2025-02-16,stable,True,test,Bearish,6,0.36363743011172556,0.991861538716784,2,55.49997841804014,18.22381814963517,54.72883597883598,18.402777777777786,62.78462394223677,14.979560566072102
2025-02-17,stable,True,test,Bearish,0,0.330769077775929,0.9563691229249853,2,69.87243893178128,43.99449784263316,69.23776455026456,44.469246031746025,76.07566526145688,25.384818853606333
2025-02-18,stable,True,test,Bearish,1,0.3084115397367418,0.9965915882668573,1,75.34659664813982,-2.678461301969321,74.90906084656085,-2.331349206349202,76.58126797027295,1.0255526644300659
2025-02-19,stable,True,test,Bearish,2,0.3204713439191342,0.9910954140653506,0,71.45085104057598,-36.58080021427969,71.17228835978837,-36.3343253968254,72.68552236270911,-36.58080021427969
2025-02-20,stable,True,test,Bearish,3,0.26206767803503167,0.9901268193916316,0,63.330557410906145,3.2111438045480156,62.96296296296297,2.827380952380949,64.56522873303926,-0.49287016185137134
2025-02-21,stable,True,test,Bearish,4,0.2062898909936691,0.906311664289287,0,70.63710595836677,30.928421163104062,70.18022486772486,30.53075396825397,70.63710595836677,30.928421163104062
2025-02-22,stable,True,test,Bearish,5,0.2583072485232093,0.8483513765903703,1,77.11221178456073,7.205398153311663,76.70304232804233,7.8621031746031775,79.29514233552351,13.754189806200017
2025-02-23,stable,True,test,Bearish,6,0.20711391267863838,0.9353757458932799,3,71.12264361093082,-36.67720635872359,70.06448412698413,-38.74007936507936,76.58437063592385,-26.840816936632876
2025-02-24,stable,True,test,Bearish,0,0.15874359378652958,0.9999975748554762,5,66.03679052217522,-3.754455581744594,65.61673280423281,-2.3809523809523796,71.49851754716823,-10.303247234632948
2025-02-25,stable,True,test,Bearish,1,0.35598109849099646,0.9981748527967559,5,61.237238807069296,10.775447528883575,60.12731481481482,11.309523809523803,64.51603528109953,0.9390581067928636
2025-02-26,stable,True,test,Bearish,2,0.37737909273043463,0.9999937943635541,4,65.65009621722106,-8.181074862001466,65.35218253968254,-9.722222222222221,65.71530312160563,-7.985454148847772
2025-02-27,stable,True,test,Bearish,3,0.46768434641588197,0.9998929272802725,4,61.49196361700249,-1.8301982370824774,60.854828042328045,0.595238095238102,62.711567457126726,1.6329925701364871
2025-02-28,stable,True,test,Bearish,4,0.4640889534022869,0.9987373902906744,4,64.52104745759199,6.62412682019675,64.52546296296298,6.646825396825399,65.91967024651187,6.965562953430016
2025-03-01,stable,True,test,Bearish,5,0.5102720207678225,0.998659878204344,4,62.93114526203914,-0.47638364800437216,63.07043650793651,-0.595238095238102,64.28166842876468,-3.8882526086526283
2025-03-02,stable,True,test,Bearish,6,0.49878205670150255,0.9981988969756607,2,65.69171977841363,-2.6357262097274514,65.36871693121692,-3.521825396825406,65.88784600939952,-3.1727830561144117
2025-03-03,stable,True,test,Bearish,0,0.44006743823226313,0.999999985713294,3,61.218223806991496,-2.026654507411081,60.14384920634921,-4.662698412698411,61.75865509883598,-0.5080043250190514
2025-03-04,stable,True,test,Bearish,1,0.6722503993535396,0.9999999999577832,2,60.99017821208211,-9.442243981856024,59.81316137566137,-8.482142857142861,61.51350222173636,-9.442243981856024
2025-03-05,stable,True,test,Bearish,2,0.6649292968350826,0.9999999977120886,2,57.684103594066336,0.8665378504916319,56.81216931216932,3.1498015873015888,58.28923640182876,-0.45800778414658794
2025-03-06,stable,True,test,Bearish,3,0.5925634488412225,0.9999999266594497,0,56.87057114700959,-3.783115063853174,56.67989417989418,-4.067460317460309,57.588274444421415,-1.8754315659422147
2025-03-07,stable,True,test,Bearish,4,0.5864951407863265,0.9999989503255258,0,59.970289591266074,9.775135204960755,59.73048941798942,9.672619047619051,60.687992888677904,9.529708810636237
2025-03-08,stable,True,test,Bearish,5,0.5913972933186186,0.9999987943191638,1,62.879441748984505,12.034591664817142,62.88029100529101,12.99603174603174,63.51533624828815,10.126908166906183
2025-03-09,stable,True,test,Bearish,6,0.5359908112998171,0.9999958656103586,1,60.52814869008258,-20.13614957332839,60.55720899470899,-20.18849206349207,64.13231147575077,-9.323661216323842
2025-03-10,stable,True,test,Bearish,0,0.631099252449621,0.9999999803209603,1,58.42406748715177,-5.264564876986952,58.506944444444436,-5.927579365079367,66.46792195498449,8.054510169506656
2025-03-11,stable,True,test,Bearish,1,0.7601066261245206,0.9999999999999981,1,56.83175589527506,14.311536065892803,56.52281746031746,14.01289682539683,65.69603410597263,5.960318937482782
2025-03-12,stable,True,test,Bearish,2,0.7283326702236318,0.9999999999999649,1,58.67792237269265,-8.285406532283211,58.382936507936506,-8.457341269841272,64.11226640645525,-21.081795752577143
2025-03-13,stable,True,test,Bearish,3,0.7088342289239101,0.9999999999933475,1,60.988158994222545,6.443079763232845,60.573743386243386,6.5972222222222285,61.98281134582061,3.9818085346383185
2025-03-14,stable,True,test,Bearish,4,0.6950426393737708,0.9999999999969281,1,63.74555743480705,17.045231955393568,63.326719576719576,16.69146825396826,63.91978604354028,16.52254612919389
2025-03-15,stable,True,test,Bearish,5,0.6271453740971549,0.9999999997848192,1,59.964597324519296,-26.558996727736186,59.5651455026455,-26.314484126984134,66.03744363316683,-8.340457801793576
2025-03-16,stable,True,test,Bearish,6,0.5613862275804102,0.9999997497859717,2,61.50295325377806,2.7859522292556704,61.03670634920635,2.75297619047619,75.13911952209234,25.475912108255912
2025-03-17,stable,True,test,Bearish,0,0.5476069585789328,0.9999995360553979,2,61.47980450530906,28.31866604084985,60.77215608465608,27.18253968253969,75.51891104846273,11.308947939425352
2025-03-18,stable,True,test,Bearish,1,0.4848385892289696,0.9999922920205301,3,69.10559632538887,-8.296689055273077,67.49338624338624,-10.56547619047619,80.7220943628966,-20.035935525268513
2025-03-19,stable,True,test,Bearish,2,0.4374636547427496,0.9993487048648676,2,68.62387780920149,1.4102429261004943,67.28670634920634,2.92658730158729,72.67705588704247,0.20142210158238072
2025-03-20,stable,True,test,Bearish,3,0.36817146095912096,0.9999979545928385,2,71.75171115300857,14.824790612031677,70.75892857142857,17.435515873015873,75.43508441118088,3.9734835685390095
2025-03-21,stable,True,test,Bearish,4,0.38526921799202085,0.999950483262719,1,69.47936412239909,-13.668574598539386,69.42791005291005,-13.938492063492063,69.51549001603867,-13.659603283132789
2025-03-22,stable,True,test,Bearish,5,0.34977469131611405,0.9999900895855958,2,69.8632132828204,-6.8217096240568225,69.11375661375662,-8.432539682539684,69.89933917645997,-6.9211159895689605
2025-03-23,stable,True,test,Bearish,6,0.2900281725869343,0.9999667837548963,1,74.90282150957127,36.76065638411277,74.13194444444444,36.483134920634924,74.90581194804014,36.75168506870617
2025-03-24,stable,True,test,Bearish,0,0.22721804474218127,0.9998135331935888,1,84.09822422913756,12.766086078895555,82.92824074074075,13.392857142857139,84.09822422913756,12.766086078895555
2025-03-25,stable,True,test,Bearish,1,0.18720491394511607,0.9995560529786482,1,81.62263032436611,-29.367316018623825,81.10119047619047,-28.968253968253975,81.62263032436611,-29.367316018623825
2025-03-26,stable,True,test,Bearish,2,0.15508462124493397,0.981545492325036,1,68.33931301076574,-30.6755037153872,67.90674603174602,-29.489087301587297,68.34697620523201,-30.65251413198837
2025-03-27,stable,True,test,Bearish,3,0.16627217606877442,0.9857132359889048,2,63.921083298768906,6.938178657219424,63.63260582010582,6.051587301587318,63.92874649323519,6.938178657219424
2025-03-28,stable,True,test,Bearish,4,0.12563758705286335,0.9572712376320688,1,68.510264934425,24.250180829145542,68.19609788359789,24.305555555555564,68.51792812889128,24.22719124574671
2025-03-29,stable,True,test,Bearish,5,0.20197393371624012,0.9992045793363536,4,72.52342036420116,-5.381348290068232,72.61078042328043,-3.422619047619051,73.81625634709772,-1.5028403413785156
2025-03-30,stable,True,test,Bearish,6,0.23561479689106207,0.9999797671416604,4,70.11494415797067,-14.054794868440268,70.07275132275133,-15.252976190476197,72.76261682927786,-9.990284803208453
2025-03-31,stable,True,test,Bearish,0,0.2228385956509315,0.9986264765771203,4,68.90894638883488,8.592721232409687,68.58465608465609,6.597222222222214,71.55661906014205,4.714213283719971
2025-04-01,stable,True,test,Bearish,1,0.18959419154321758,0.9250809535860295,2,68.48159610916572,0.5620294896156963,67.43551587301587,0.7440476190476275,71.10117624326749,0.29174976145736764
2025-04-02,stable,True,test,Bearish,2,0.14171076150030998,0.874168038912334,3,65.94508849602423,-18.04632440045733,65.4265873015873,-16.81547619047619,71.48243703337751,-5.228509125470964
2025-04-03,stable,True,test,Bearish,3,0.23755718740059906,0.8236853826456956,3,58.230242479910764,-13.269765976923225,57.99437830687831,-12.251984126984134,65.56301400506156,-11.677727350604187
2025-04-04,stable,True,test,Bearish,4,0.210682338410765,0.7594272340521477,2,54.7745307534822,-2.195582850245522,54.85284391534392,-2.653769841269842,61.591196821734734,-12.767484158853193
2025-04-05,stable,True,test,Bearish,5,0.1857444572102235,0.7304624715735346,0,52.455084640702914,-1.8601246904548177,52.21560846560846,-2.430555555555557,56.598098253188574,-2.4495357461615583
2025-04-06,stable,True,test,Bearish,6,0.15883663099242273,0.9750488314747503,0,52.46450025905941,-2.8743839425680235,52.223875661375665,-2.8025793650793673,66.65471358900577,30.407570206827856
2025-04-07,stable,True,test,Bearish,0,0.39455959584360556,0.9800313074741424,3,58.526540487247985,22.948876172658082,58.28373015873016,23.437499999999993,75.0695777913708,27.456404153880385
2025-04-08,stable,True,test,Bearish,1,0.47111744244317405,0.9999868703375298,3,61.8158144324446,7.9794502900655,61.68981481481481,7.7628968253968225,76.75989910067216,-27.548417825709073
2025-04-09,stable,True,test,Bearish,2,0.548872857089407,0.9999999587338292,3,65.96137708022738,-8.623816683785407,65.72420634920634,-8.878968253968253,69.07125963191642,-17.902940806534474
2025-04-10,stable,True,test,Bearish,3,0.5105126283872128,0.9999998140650793,0,61.05507786434359,-1.6378433105831292,60.879629629629626,-1.3144841269841194,61.06425984083713,-1.6355591472615245
2025-04-11,stable,True,test,Bearish,4,0.6282103920173899,0.999999972399364,0,60.97819924254562,-4.687873518676746,60.80522486772486,-4.563492063492063,61.032280939323044,-4.578436123984126
2025-04-12,stable,True,test,Bearish,5,0.5687937664078453,0.9999996306620749,0,58.356037965103475,-1.7714028684604628,58.06878306878307,-2.554563492063494,58.41555593797907,-1.7321164373285427
2025-04-13,stable,True,test,Bearish,6,0.5097784176430712,0.9999881209730286,1,57.645808997995395,-3.5378943465134824,57.28339947089947,-3.4474206349206256,57.704565583097114,-3.6725935073651215
2025-04-14,stable,True,test,Bearish,0,0.5101377911066939,0.9999231261300756,1,56.020514312222325,-1.6972737436695198,55.97718253968254,-0.27281746031746223,56.03437117704016,-1.7388443381230445
2025-04-15,stable,True,test,Bearish,1,0.47128577699410235,0.9997853015853567,1,62.32471486499452,19.27188569118038,62.23544973544974,18.576388888888893,62.32471486499452,19.27188569118038
2025-04-16,stable,True,test,Bearish,2,0.4619448294124932,0.9993373406016659,1,61.51169113124819,-1.1010814904332662,60.64814814814815,-4.290674603174601,62.7215981591458,2.5286395932595696
2025-04-17,stable,True,test,Bearish,3,0.4381136450028872,0.9996176153860028,1,60.9194201110225,-22.386688462663173,59.34193121693122,-22.96626984126985,63.26902897235237,-18.967582962366386
2025-04-25,transition,True,test,Bearish,4,0.18211126139392686,0.713322737173517,1,68.14170992600911,-17.297187980506862,67.16269841269842,-16.29464285714286,68.5613875718229,-18.556220917948224
2025-05-02,transition,False,test,Volatile,4,0.009961452750987865,0.9534396144451979,0,70.9565461925218,-12.21096657201754,70.49437830687832,-12.127976190476197,70.99078831953018,-12.21096657201754
2025-05-10,stable,True,test,Bullish,5,-0.01010761556073551,0.9999999998162177,3,70.47917596493683,0.5618660961741,69.86607142857143,-0.8184523809523796,71.24117045560513,2.7547297960626196
2025-05-11,stable,True,test,Bullish,6,-0.01440104913575366,0.9999999873584001,3,77.90224729615194,3.578373363542255,77.04199735449735,3.149801587301596,78.7509568332206,3.7453987306270733
2025-05-12,stable,True,test,Bullish,0,0.03412118414760088,0.9999999999890404,2,70.51273691473571,-4.039556610319757,69.63458994708995,-3.025793650793638,71.34372394082193,-6.192468071039272
2025-05-13,stable,True,test,Bullish,1,0.0836623472828849,0.9999999999999998,0,71.44803241354235,-18.901461401051264,70.89120370370371,-18.576388888888886,71.58312813179867,-19.05641676385359
2025-05-14,stable,True,test,Bullish,2,0.09490900401630428,1.0,0,68.91767059551965,18.155819053722873,68.5515873015873,18.353174603174587,68.96605126737559,18.11586681455387
2025-05-15,stable,True,test,Bullish,3,0.13177894459338335,1.0,0,68.00478448174553,-9.58410144806205,67.43551587301587,-10.14384920634921,68.06736882647675,-9.606727966666071
2025-05-16,stable,True,test,Bullish,4,0.16160693636165746,1.0,0,65.4288848895331,-19.038074723620497,64.6742724867725,-19.841269841269835,65.4564059754647,-19.038074723620497
2025-05-17,stable,True,test,Bullish,5,0.1479355754873227,1.0,1,64.59407043773847,18.390034039661366,63.78968253968255,19.047619047619044,64.62159152367008,18.307470781866556
2025-05-18,stable,True,test,Bullish,6,0.14241179566952825,1.0,2,63.404802998964584,-5.424204987746407,62.36772486772487,-6.12599206349207,65.60512852135354,1.1767715794204392
2025-05-19,stable,True,test,Bullish,0,0.1863641170047538,1.0,2,63.3620440963189,-16.661908076173688,62.5,-16.790674603174608,72.28047237815339,3.4924002021629406
2025-05-20,stable,True,test,Bullish,1,0.19089300790384756,1.0,1,58.13092260788023,6.264471890667039,57.53141534391534,8.407738095238109,67.06303657580027,-0.29544761824316623
2025-05-21,stable,True,test,Bullish,2,0.18500355259175405,1.0,0,56.50634441316769,-10.169662863946968,56.25,-10.367063492063494,64.15334413337764,-27.578337318247
2025-05-22,stable,True,test,Bullish,3,0.1744240994364199,1.0,0,55.494163514958416,-4.005086305485527,55.2662037037037,-4.836309523809533,57.58917113647997,-0.5478113814707513
2025-05-30,transition,True,test,Bullish,4,0.043147120443443654,0.5150550667620617,1,62.973852516016116,4.029993619040965,62.35945767195768,4.414682539682531,63.09867206897136,3.655534960175217
2025-06-09,transition,True,test,Volatile,0,-0.03948836868836608,0.9997514888403267,1,67.72326007729787,46.400017507222884,67.17096560846561,46.94940476190476,81.21091469813958,31.50409136934949
2025-06-12,transition,False,test,Bullish,3,-0.07718968884231735,0.9999882331751467,1,75.96042249830417,8.926701216933708,75.24801587301586,8.878968253968267,75.96042249830417,8.926701216933708
2025-06-20,stable,True,test,Volatile,4,-0.04919126855066874,0.9954301724236188,0,52.876615530850266,-0.5108602939946039,52.422288359788354,-0.19841269841270304,69.2262583163447,30.735333032379323
2025-06-21,stable,True,test,Volatile,5,0.033059182908130806,0.4787556324289402,2,54.82184238254371,14.54410528451411,54.07572751322751,13.19444444444445,74.75886731541509,14.380954643467234
2025-06-22,stable,True,test,Volatile,6,0.12419540519117359,0.7625326323930841,2,55.791134613070426,-5.289687743859005,55.00992063492063,-5.23313492063491,76.53893321643663,-23.178262975570775
2025-06-23,stable,True,test,Volatile,0,0.18289320127496989,0.9366714863276308,3,60.65096453011255,8.232948902051433,59.9537037037037,9.672619047619051,70.45150757257836,-4.124770896406574
2025-06-24,stable,True,test,Volatile,1,0.15129340786015583,0.8014090355955236,1,58.41561653309435,4.930184601879326,58.48214285714286,5.977182539682545,64.74477870091498,-8.079429674587601
2025-06-25,stable,True,test,Volatile,2,0.11197082147480439,0.9992809130519159,2,58.36328784563534,-20.026163557362395,58.11011904761906,-21.180555555555557,60.35719038750489,-18.078750984226254
2025-07-03,transition,True,test,Volatile,3,-0.04716190039853714,0.9022959395510993,1,66.68232286996151,17.12668807520099,66.46825396825396,17.31150793650793,66.72361617653137,17.002808155491422
2025-07-10,transition,False,test,Sideways,3,-0.2030371975293798,0.9580259110006775,1,76.69348916535797,-3.2799654510425,75.7936507936508,-3.323412698412696,76.78544720774484,-3.0040913238819087
2025-07-18,stable,True,test,Bullish,4,-0.25094223016014566,1.0,0,79.45078840747351,13.0810875679732,79.09226190476191,12.227182539682545,79.45078840747351,13.0810875679732
2025-07-19,stable,True,test,Bullish,5,-0.24062103321343437,1.0,0,83.39715276223434,-8.570576663900596,82.76289682539682,-8.606150793650798,83.39715276223434,-8.570576663900596
2025-07-20,stable,True,test,Bullish,6,-0.27823052477087834,1.0,0,73.21987294182354,-23.20325730102251,72.72652116402118,-22.718253968253975,73.21987294182354,-23.20325730102251
2025-07-21,stable,True,test,Bullish,0,-0.27952948200693467,1.0,0,74.0994916144649,3.8808505216147466,73.69378306878308,4.117063492063494,74.0994916144649,3.8808505216147466
2025-07-22,stable,True,test,Bullish,1,-0.28056543541541656,1.0,0,70.84828137145495,12.207632068301997,70.36210317460318,11.507936507936506,70.84828137145495,12.207632068301997
2025-07-23,stable,True,test,Bullish,2,-0.2654497685217954,1.0,0,71.22821802104788,-24.702303370167733,70.75066137566138,-24.454365079365083,71.22821802104788,-24.702303370167733
2025-07-24,stable,True,test,Bullish,3,-0.19942653375794755,1.0,1,62.391615263088966,-12.875327023232181,61.98743386243387,-12.177579365079374,62.391615263088966,-12.875327023232181
2025-07-25,stable,True,test,Bullish,4,-0.1773798222173269,1.0,2,55.942670336028904,-8.279012661657049,55.60515873015873,-8.804563492063494,56.868368639167535,-5.501917752241148
2025-08-02,transition,True,test,Bullish,5,-0.08839632475515857,0.9817121380421011,1,64.43143743861545,-8.261981190626202,63.75661375661375,-8.82936507936509,64.50671836882958,-8.487823981268605
2025-08-07,transition,False,test,Volatile,3,-0.13567725272578285,0.9999993284232855,1,48.15819332232644,-2.162963780905514,46.80059523809524,-5.034722222222214,61.63034506862585,2.135323828958846
2025-08-15,stable,True,test,Bullish,4,-0.1180698432277362,0.9999999999808854,0,74.38880630561887,-18.451423868363506,73.60284391534391,-18.973214285714278,74.4388229226641,-18.35333931308557
2025-08-16,stable,True,test,Bullish,5,-0.0660386981009328,0.9999999998746182,1,68.22399160533574,-28.701895055926087,67.3611111111111,-28.521825396825392,68.26534733973801,-28.701895055926087
2025-08-17,stable,True,test,Bullish,6,-0.09308494725117897,0.9999999999971256,2,55.683708488529014,-8.961974526980029,54.73710317460317,-9.102182539682538,62.14785868251787,10.182341648572972
2025-08-18,stable,True,test,Bullish,0,-0.11617570303223594,0.9999999999999905,2,52.36268118796837,-9.920061669196002,51.72784391534392,-9.275793650793652,65.45859054172952,10.099283013327693
2025-08-19,stable,True,test,Bullish,1,-0.06596514173893017,0.9999985233088385,1,50.102793286241,2.1392905893120258,49.53703703703704,2.7777777777777786,63.61747585551067,-15.87277314292227
2025-08-27,transition,True,test,Bullish,2,0.08032215024797079,0.802356758246253,1,60.34456675587635,-18.842329170263355,60.176917989417994,-18.998015873015873,62.483667519499846,-12.800311741531608
2025-09-10,transition,True,test,Volatile,2,-0.15218759951083546,0.7541948973513046,0,90.2944668963185,-13.643487625847754,89.98842592592594,-13.78968253968253,90.2944668963185,-13.643487625847754
2025-09-18,stable,True,test,Sideways,3,-0.26329753178064813,0.9984269740738395,0,78.14246036818437,12.067241528970499,77.78604497354497,11.656746031746039,78.33079137251873,12.632234541973602
2025-09-19,stable,True,test,Sideways,4,-0.3003640430776932,0.9984219053326593,0,81.4115216271839,-2.7066252604108882,80.95238095238095,-2.3809523809523796,81.59985263151826,-2.7066252604108882
2025-09-20,stable,True,test,Sideways,5,-0.2726035377534386,0.9995197671621,0,78.31883842415961,-8.831482100633863,77.99272486772487,-8.655753968253975,78.50716942849398,-9.396475113636967
2025-09-21,stable,True,test,Sideways,6,-0.3266278918842288,0.9998695268223641,0,80.21322614261332,7.943220907333028,79.85284391534391,7.738095238095241,80.21322614261332,7.943220907333028
2025-09-22,stable,True,test,Sideways,0,-0.36848881532826333,0.9999111928746587,0,85.65712480155554,22.903120325488615,85.3505291005291,22.99107142857143,85.6717324324264,22.946943218101225
2025-09-23,stable,True,test,Sideways,1,-0.22225181113786266,0.999977241842297,1,84.37722469202127,-18.35434558459778,83.77149470899471,-18.973214285714278,85.44102824406258,-15.20675782108647
2025-09-24,stable,True,test,Sideways,2,-0.24005500766598303,0.9999643102569676,3,75.24034807193756,-35.7991049297448,74.71891534391534,-35.91269841269841,79.33982148484681,-26.7359182397536
2025-09-25,stable,True,test,Sideways,3,-0.2544636764469756,0.9992145726775511,3,63.71574202118004,-7.8309974981811195,63.086970899470906,-7.167658730158742,67.80060780321841,-10.97858526169243
2025-09-26,stable,True,test,Sideways,4,-0.11514034984719149,0.5711494257428356,2,69.49494796642465,26.393902111387163,69.17989417989418,26.463293650793652,72.53061782729257,17.286892528783355
2025-09-27,stable,True,test,Sideways,5,-0.14875272836579673,0.7412427215094134,1,73.00273291259447,9.298068061037242,72.61904761904762,9.300595238095248,73.03865620798676,9.405837947214124
2025-10-05,transition,True,test,Sideways,6,-0.3412137511582494,0.8960510666002984,0,66.31691536065976,-21.72786934700987,66.17890211640211,-21.25496031746033,66.31691536065976,-21.72786934700987
2025-10-09,transition,False,test,Bullish,3,-0.2799018877722138,0.9089785468426336,2,63.76896105777675,-27.820766727169605,63.18617724867725,-28.720238095238102,70.80715285983474,-6.706191320995586
2025-10-17,stable,True,test,Volatile,4,0.24586183379775853,0.9998446372603479,1,54.62795525326489,-15.816091098998264,54.373346560846564,-16.46825396825396,60.244374328861575,-3.658198107592206
2025-10-18,stable,True,test,Volatile,5,0.263119195858064,0.9997348284271039,0,49.681337860858996,-5.731533276413792,49.37996031746031,-5.87797619047619,56.72745090983343,-4.650672784827869
2025-10-19,stable,True,test,Volatile,6,0.20436432300222543,0.9995314875486019,0,49.27968956125343,5.502827299377643,48.90046296296296,5.92757936507936,64.56526958976433,21.27155667512831
2025-10-20,stable,True,test,Volatile,0,0.16162395056783901,0.9997360008137307,1,51.56502732248139,5.879774361903344,51.28968253968254,5.679563492063494,69.66482053849501,22.191224995684294
2025-10-21,stable,True,test,Volatile,1,0.13782395716053453,0.999556120551949,2,54.3748031218351,3.902739020464054,54.22453703703704,4.365079365079367,70.88010871926689,-24.51826428230489
2025-10-22,stable,True,test,Volatile,2,0.16998334748936725,0.9975833672668357,5,56.46209761941852,4.908697508443986,55.935846560846564,3.893849206349209,63.71441887403219,-15.524165706767853
2025-10-30,transition,True,test,Volatile,3,0.020167997119476287,0.6430972187038623,2,59.22562274840137,-32.134231990789935,58.655753968253975,-32.51488095238095,63.5549322026095,-19.631417483519805
2025-11-05,transition,False,test,Sideways,2,0.2535159777226203,0.9856223723839378,2,71.2108793042505,-29.11058299986081,70.81679894179895,-28.918650793650798,71.56301031142873,-28.55169203649769
2025-11-13,stable,True,test,Bearish,3,0.181829004238854,0.7948720661340405,2,57.587606685269954,-5.578960011060801,56.91137566137565,-5.257936507936506,61.345919504799674,-0.37305136099785585
2025-11-14,stable,True,test,Bearish,4,0.2912131319518738,0.9239679171068613,1,57.08235697897362,-3.771262202369954,56.55588624338623,-3.4722222222222214,60.1878076033751,-2.69533388349155
2025-11-15,stable,True,test,Bearish,5,0.31209787403515926,0.9963063667339908,0,59.274456725760466,14.41077233490229,59.01951058201058,15.054563492063501,62.39506065019648,6.2158086806797925
2025-11-16,stable,True,test,Bearish,6,0.25794700067379006,0.9958789900132681,0,56.52205569123631,-12.320413995744289,56.39054232804233,-12.078373015873012,62.77204671706136,4.232242543870527
2025-11-17,stable,True,test,Bearish,0,0.28536799073558244,0.9919504494764099,0,55.7644289999967,-12.620441516449311,56.001984126984134,-12.028769841269849,64.24751564093135,-4.890686252345681
2025-11-18,stable,True,test,Bearish,1,0.3159718462930087,0.9918037896490149,0,49.89486928630947,5.0592962974131055,49.917328042328045,4.6875,60.0703005014124,-7.446794938471726
2025-11-19,stable,True,test,Bearish,2,0.2775759689325389,0.9888422903271302,0,50.76520443272644,-7.4365284827745555,50.801917989417994,-8.25892857142857,55.763576838110396,-13.11433521764544
2025-11-27,transition,True,test,Bearish,3,0.19209649605606247,0.737007779434384,1,49.461835493641786,4.34190757530294,48.29695767195767,2.5049603174603234,58.21242245519605,9.979307985642109
2025-12-05,stable,True,test,Sideways,4,0.06158950524558771,0.9999469948511938,1,65.74169067076083,22.33740403580537,65.00496031746032,22.296626984126988,70.23380369974943,9.269443663794938
2025-12-06,stable,True,test,Sideways,5,0.10408817874765748,0.999217396985646,2,69.35963533826683,-26.122728170835693,68.09689153439153,-27.132936507936513,69.43347589514174,-26.157392797129724
2025-12-07,stable,True,test,Sideways,6,0.046370436931147924,0.9999550800851418,1,58.161888089678904,-18.95408360821547,57.225529100529094,-18.501984126984134,68.94417176859648,13.019053339875938
2025-12-08,stable,True,test,Sideways,0,0.05868600534476623,0.999986937917001,4,57.68595432357983,10.055768734990146,56.258267195767196,10.119047619047628,75.2390255017237,30.554988276999715
2025-12-09,stable,True,test,Sideways,1,0.017894720563750636,0.9999998292809035,4,60.30104219742038,15.315777196449773,59.49074074074074,15.178571428571438,78.07214718065856,-16.190115380689406
2025-12-10,stable,True,test,Sideways,2,0.0,0.999999491528983,6,66.98081994738423,2.513050939973269,65.67460317460318,2.9513888888888857,74.09029320420862,-17.811069788855576
2025-12-11,stable,True,test,Sideways,3,-0.014289191662108935,0.9997484713021176,3,68.3732016607113,6.387650253449706,67.65046296296298,6.349206349206355,68.64960173686585,5.733548838166811
2025-12-12,stable,True,test,Sideways,4,0.00836042098477984,0.9993291908201307,3,63.39223817610492,-19.666446507260886,62.46693121693122,-18.92361111111112,64.30795286539131,-17.26950006576316
2025-12-13,stable,True,test,Sideways,5,0.06568710654355445,0.9881174309062707,1,58.784114302212494,-15.488465821685239,57.92824074074074,-16.59226190476192,65.3476538330459,1.6301075161365048
2025-12-14,stable,True,test,Sideways,6,0.0033028305052229846,0.9924510143448498,1,51.85647069169648,0.5476098757208092,51.08300264550264,1.364087301587304,68.83006091336965,29.20571669356169
2025-12-15,stable,True,test,Sideways,0,-0.010856555244380233,0.998947338856747,0,54.05734792844265,0.7605568246549268,53.26554232804233,1.2400793650793673,81.33944730487744,17.139556205796453
2025-12-16,stable,True,test,Sideways,1,0.06326909654565056,0.9994214281087805,2,55.27502646456312,8.947500618224183,54.24933862433863,6.894841269841272,81.63812834963954,-7.921070590548467
2025-12-17,stable,True,test,Sideways,2,0.03241057309099441,0.9998407580818234,2,55.181920279953886,-6.33434038834541,53.968253968253975,-6.026785714285715,74.59063481313035,-29.464923090489272
2025-12-18,stable,True,test,Sideways,3,0.099152669720372,0.9997212907500854,2,55.08937066606634,-3.1701276253691333,54.26587301587301,-0.8184523809523867,70.64389688160374,4.4032992769303405
2025-12-19,stable,True,test,Sideways,4,0.11600401901311133,0.9995045728091337,0,53.61798940947415,4.812675402275325,53.50529100529101,5.456349206349209,70.10135977006529,11.593798684363755
2025-12-20,stable,True,test,Sideways,5,0.07375083681598521,0.9893802112957428,0,53.416139192671814,-6.662242197089725,53.47222222222222,-7.018849206349202,68.74525022291719,-21.693037937353758
2025-12-21,stable,True,test,Sideways,6,0.012484365492587076,0.9972282105442712,0,54.07625052997094,3.224350156304773,53.629298941798936,1.934523809523803,73.7611887345666,21.07872614649395
2025-12-22,stable,True,test,Sideways,0,-0.03986427335746622,0.999324435566011,1,64.10366201521975,35.50046050842873,62.85548941798942,33.23412698412698,79.07346135499651,31.598945187097762
2025-12-23,stable,True,test,Sideways,1,-0.0639879026771102,0.9995435275460886,1,71.89147507127541,14.720862959179883,70.41170634920634,15.17857142857143,84.62698031236953,-20.08029660018292
2025-12-24,stable,True,test,Sideways,2,-0.06136949562497471,0.9999157767891896,1,71.70021996471125,-27.431649619134106,70.76719576719577,-24.677579365079353,72.84063206923203,-30.2171364442083
2025-12-25,stable,True,test,Sideways,3,-0.08753766873907104,0.9999437173365505,0,70.94513792886313,9.871775232717454,70.48611111111111,9.722222222222229,71.0846511319002,9.670445502983242
2025-12-26,stable,True,test,Sideways,4,-0.10703992358577734,0.9998595697163286,0,77.54666491694422,35.09920924311555,77.29001322751323,34.52380952380952,77.61906821006987,34.88199936373859
2025-12-27,stable,True,test,Sideways,5,-0.13764518246165136,0.9999337339583503,0,82.46593353468079,-10.408597658380074,81.91137566137566,-9.970238095238102,82.54755659280058,-10.163728484020709
2025-12-28,stable,True,test,Sideways,6,-0.19578569594149298,0.9999867465726955,0,87.25343904239321,4.429710791611527,86.97916666666667,4.513888888888886,87.33506210051301,4.429710791611527
2026-01-05,transition,True,test,Sideways,0,-0.46801729870080183,0.993622707716908,1,68.61198307822002,-6.783160369376731,68.64252645502646,-6.597222222222243,68.61198307822002,-6.783160369376731
2026-01-10,transition,False,test,Bullish,5,-0.41127267704599274,0.8360602706015267,2,58.35973982828861,-8.4178976393722,57.845568783068785,-9.00297619047619,67.45305144473795,18.55346635103281
2026-01-13,transition,False,test,Sideways,1,-0.5040701003350021,0.9999105928363962,1,80.58079011703863,4.576144902689137,79.79497354497354,5.803571428571431,87.90110155377049,-17.38478940750646
2026-01-20,transition,False,test,Bullish,1,-0.507450477505,0.8176238400774892,0,83.27417094199303,-26.401031913861758,83.0026455026455,-26.09126984126985,84.02427429968662,-24.150721840781003
2026-01-31,transition,True,test,Sideways,5,-0.1208017243218774,0.9979565646298841,2,59.817587817984155,-8.277337615082054,59.292328042328045,-9.250992063492077,60.679250741336496,-6.533746506836472
2026-02-08,stable,True,test,Bearish,6,0.5151771072999679,1.0,0,57.277320186645,-6.509221334079903,57.50661375661375,-6.4980158730158735,57.29655786500615,-6.502639758535743
2026-02-09,stable,True,test,Bearish,0,0.47336082983697964,1.0,0,55.82729554774226,2.4594414177141104,55.50595238095238,1.0664682539682602,55.83802251014637,2.4593742539170975
2026-02-10,stable,True,test,Bearish,1,0.44668103052181385,0.9999999999999999,1,63.87278766344868,23.83618234677683,63.45899470899471,23.288690476190474,64.0519712274779,24.309505592033908
2026-02-11,stable,True,test,Bearish,2,0.46676060006535774,1.0,1,62.33293623860828,-6.7787016918928416,61.78075396825397,-5.530753968253968,63.5598328759616,-3.6034487485053077
2026-02-12,stable,True,test,Bearish,3,0.4866400089053214,1.0,1,61.41995917680205,-24.415966114823853,61.3343253968254,-24.131944444444443,65.07003233707944,-17.65187351472398
2026-02-13,stable,True,test,Bearish,4,0.4528717789661001,0.999999999999997,0,52.14295348900324,0.6247195579015354,52.37268518518518,1.4384920634920633,60.74095225517107,12.798680400857684
2026-02-14,stable,True,test,Bearish,5,0.3921356592810486,0.9999999981811918,1,54.675952332063524,3.559226022706717,55.415013227513235,4.9355158730158735,67.39706797810909,11.834300036955234
2026-02-15,stable,True,test,Bearish,6,0.32849920630565027,0.9999659744614816,1,60.87002648941751,21.997273420634585,61.40046296296297,20.709325396825406,71.16796561253899,6.648059634290902
2026-02-16,stable,True,test,Bearish,0,0.39210165695188676,0.9999999998735148,2,62.080339786052406,-3.343337081374642,62.01223544973545,-5.853174603174601,67.26411011578135,-18.88123325822938
2026-02-17,stable,True,test,Bearish,1,0.341388701703072,0.9999999989239875,1,57.87717605554738,-27.632487640870345,57.45701058201058,-26.686507936507944,61.530369037378335,-16.679616101543537
2026-02-18,stable,True,test,Bearish,2,0.30554587575496095,0.9999991313849713,1,50.51664992319104,-3.7152448663390913,50.107473544973544,-3.1746031746031775,62.05076590874106,19.920816738652086
2026-02-19,stable,True,test,Bearish,3,0.3057694830961979,0.9999990715535746,2,51.652603473820285,12.67401476202813,51.24007936507937,11.210317460317455,66.23742983529881,10.879981756652874
2026-02-20,stable,True,test,Bearish,4,0.27547584406794473,0.9999857603951251,3,58.22080872919631,14.153706522326743,57.36607142857142,13.74007936507936,69.61219838846755,-8.116501056125514
2026-02-21,stable,True,test,Bearish,5,0.2215489984331811,0.999409995213362,3,68.76502651386589,24.50954783578193,67.85714285714285,24.900793650793652,72.36423504973415,15.616934942778698
2026-02-22,stable,True,test,Bearish,6,0.16697892116421204,0.9703351830938367,1,79.67382964739961,25.695808396501263,79.04265873015872,26.3888888888889,80.22009200528404,24.323246963796308
2026-02-23,stable,True,test,Bearish,0,0.12837940076996968,0.6647556410356001,0,85.28073369095397,-0.6582347010189267,84.92890211640211,-0.0744047619047592,85.42324222017875,-0.7631603952412291
2026-02-24,stable,True,test,Bearish,1,0.17876275186918736,0.9582930540496147,1,74.69426031302409,-39.976281698608915,74.57837301587303,-39.70734126984127,76.22814491406523,-35.53592784221153
2026-02-25,stable,True,test,Bearish,2,0.14864233827786985,0.9802828683297752,1,60.44520465309663,-33.87207071394417,60.226521164021165,-34.32539682539683,65.22576724337243,-24.293336692966186
2026-02-26,stable,True,test,Bearish,3,0.14357417746721027,0.9983609845430238,2,53.30455437277741,9.67923459181305,52.98445767195767,9.250992063492056,59.29223756259373,9.021542480763237
2026-02-27,stable,True,test,Bearish,4,0.14388851191882707,0.8876157854537498,1,57.9967578663354,16.847495761847426,57.25033068783068,16.145833333333343,62.51044005378396,7.125812643437534
2026-02-28,stable,True,test,Bearish,5,0.21658553732821348,0.999721798655472,2,61.94175080276138,-0.6151410637085775,60.63161375661375,-2.455357142857139,63.20875500097528,-4.397802809056152
2026-03-01,stable,True,test,Bearish,6,0.2059560970305353,0.999769460170391,1,57.977845830248235,-16.289090806400353,56.60548941798942,-15.625000000000007,60.061487998922566,-10.074865998965592
2026-03-02,stable,True,test,Bearish,0,0.2241167178449778,0.998494895733687,1,53.303901504535396,-9.009316024569024,52.256944444444436,-7.043650793650798,56.47031187318631,-5.742660575345155
2026-03-10,transition,True,test,Bearish,1,0.14461541877217793,0.6385838438110495,1,49.49578237045,8.713235545533365,49.231150793650784,7.3660714285714235,65.15837999719878,-19.82502006310986
2026-03-18,transition,True,test,Sideways,2,-0.07396210317390367,0.9958594627594899,1,79.20470213377028,-7.786014674444672,78.76984126984127,-7.911706349206341,79.2047140917672,-7.786050548435483
2026-03-28,transition,True,test,Volatile,5,0.03470560669746963,0.7242585217775177,2,62.78413465488361,-24.602317064834033,61.648478835978835,-22.91666666666667,71.01418123071919,-19.28857127672702
2026-04-01,transition,False,test,Sideways,2,-0.07324167961837491,0.7798270282822163,1,55.55047383359628,-2.4188076562991796,54.588293650793645,-3.621031746031747,68.5240605433625,-36.38538970596677
2026-04-06,transition,False,test,Volatile,0,-0.15134608907460967,0.6128231289638465,1,85.44936977976717,-6.274745477671942,84.45767195767196,-4.563492063492063,90.82739894011854,-21.399591922354503
2026-04-12,transition,False,test,Sideways,6,-0.1958084544594856,0.7251967292826779,2,67.74515041751734,18.62964590198601,66.50132275132275,17.162698412698425,67.78832443721264,18.516291430565765
2026-04-24,transition,True,test,Bullish,4,-0.19558070290700239,0.8028382865624917,1,70.57277671877584,-27.11651277942908,69.79993386243386,-24.379960317460323,71.93017447051498,-30.364493476948482
2026-05-02,stable,True,test,Sideways,5,-0.3138382473356926,0.999854222768544,0,76.452864197968,17.560096846358903,76.41369047619048,17.708333333333343,76.5136754662718,17.742530651270314
2026-05-03,stable,True,test,Sideways,6,-0.3546012347880366,0.9999604499146243,0,86.8206456122753,11.905395198362925,86.78902116402116,12.078373015873012,86.89798191601852,11.954970304681225
2026-05-04,stable,True,test,Sideways,0,-0.3799262915181588,0.9999806194337155,0,84.75769955226872,-4.550985981819636,84.5651455026455,-5.332341269841265,84.83503585601197,-4.733419786731048
2026-05-05,stable,True,test,Sideways,1,-0.38636362130926794,0.9999994756814822,0,80.26507465720816,-27.02112208174465,80.20006613756614,-26.51289682539681,80.38603498481052,-26.757391311574196
2026-05-06,stable,True,test,Sideways,2,-0.418161102786435,0.9999990754464941,0,78.57311424678385,13.018352147109653,78.5135582010582,13.69047619047619,78.67754953894676,13.018352147109653
2026-05-07,stable,True,test,Sideways,3,-0.4116033007550234,0.9999994489529662,0,77.8504485856196,6.758891719869311,78.10019841269842,6.522817460317455,78.10963593395684,6.909842011903507
2026-05-08,stable,True,test,Sideways,4,-0.39534039917587843,0.9999918748421137,0,76.90238394235035,-24.789434780279407,76.88492063492065,-25.099206349206355,77.05713599852469,-24.789434780279407
2026-05-09,stable,True,test,Sideways,5,-0.42581012788375217,0.9999647168286505,0,72.16916786954393,0.9867009121830961,72.0734126984127,0.4960317460317327,72.32391992571826,0.5224447436601451
2026-05-10,stable,True,test,Sideways,6,-0.4722776351204945,0.9999951604773295,0,78.68857188562465,29.161297697919224,78.46395502645503,29.340277777777786,78.68857188562465,29.161297697919224
2026-05-18,transition,True,test,Sideways,0,-0.336942753504578,0.9912055766001484,2,61.435108667860156,-14.339229681848131,61.45006613756613,-13.516865079365076,73.75240477214402,19.745473329363918
2026-05-26,stable,True,test,Bearish,1,-0.3644508867932624,0.9995942942965231,2,64.01250556699922,35.82238586948565,63.31018518518518,35.689484126984134,69.35357745093397,32.325265948519665
2026-05-27,stable,True,test,Bearish,2,-0.33588569360965953,0.9999982445286503,1,70.97644554577239,12.195661892095252,70.45304232804233,13.169642857142861,75.15181078938512,-0.3304338387429908
2026-05-28,stable,True,test,Bearish,3,-0.30821224785512075,0.9999999698297829,0,78.73704603538532,-3.844426356422616,78.32341269841271,-3.819444444444443,78.85624271900801,-3.4868363055545615
2026-05-29,stable,True,test,Bearish,4,-0.31322927847918414,0.9999999990233543,1,65.28494648190375,-25.425732727278557,65.02149470899472,-25.64484126984128,69.80950195686854,-12.209656353252221
2026-05-30,stable,True,test,Bearish,5,-0.3192722693723687,0.9999999998474451,1,58.95102510469761,-30.087903708361985,58.62268518518518,-29.637896825396837,74.82329835772444,3.597659574956083
2026-05-31,stable,True,test,Bearish,6,-0.36680510021677726,0.9999999995103052,2,58.8990287379732,36.355883203848904,58.23412698412698,34.92063492063491,79.90958594302828,38.91224873677533
2026-06-01,stable,True,test,Bearish,0,-0.3875310153396241,0.9999999999899702,1,71.99545025179471,32.86529594580443,71.34589947089947,32.88690476190476,88.60064866550768,-1.177857388381696
2026-06-02,stable,True,test,Bearish,1,-0.3914259009734064,0.99999999999889,1,78.62611062979839,-10.039933474177772,78.07539682539682,-8.283730158730137,83.88359126544931,-25.812375381130536
2026-06-03,stable,True,test,Bearish,2,-0.21887615690279105,0.9999999999907415,1,74.99090780599727,-13.838989809019012,74.75198412698413,-14.384920634920633,75.0653213948142,-13.615749042568197
2026-06-04,stable,True,test,Bearish,3,-0.15194747127691294,0.9999999990947223,2,67.70769963455582,-8.87630970253089,67.41898148148148,-9.300595238095255,69.24175617084926,-4.497380860101401
2026-06-05,stable,True,test,Bearish,4,-0.10872723130046723,0.9999999999958844,3,70.87997848791032,10.382511557289064,70.22982804232804,10.11904761904762,72.41403502420376,10.15927079083825
2026-06-06,stable,True,test,Bearish,5,0.1271883179035943,0.9999999999585434,2,71.47641738863142,9.79995140746857,71.04828042328042,10.069444444444443,72.94742607569106,5.455119783788533
2026-06-07,stable,True,test,Bearish,6,0.13760720280087924,0.9999999999999795,1,70.98211805186152,-19.87604427290401,70.41170634920634,-19.642857142857146,71.3326748311224,-18.858471153870852
2026-06-08,stable,True,test,Bearish,0,0.11149262106177034,0.9999999099019883,0,62.51800861076678,-16.799133468158438,62.24371693121693,-16.84027777777777,62.86856539002765,-16.83323068690789
2026-06-09,stable,True,test,Bearish,1,0.09048787495543228,0.9999999732886504,1,56.23648112232393,-7.561733047550369,55.73743386243385,-7.539682539682538,57.79693727562219,-4.915510825721867
2026-06-10,stable,True,test,Bearish,2,0.10854771815391807,0.9999998771820098,1,51.769105111772795,-7.885843981273155,51.44675925925926,-8.010912698412696,57.17962190628361,4.6819110613976065
2026-06-11,stable,True,test,Bearish,3,0.0946269855938058,0.9999932978766896,1,51.25994709530003,0.5179749477518456,50.901124338624335,1.0416666666666714,57.308747795014646,-1.2309686774983888
2026-06-12,stable,True,test,Bearish,4,0.04624124922244043,0.9965909994805751,0,48.6455059776283,-2.0029283689121655,48.38789682539683,-2.2073412698412724,57.44120696936321,-2.6661871946604023
2026-06-13,stable,True,test,Bearish,5,0.008635905109060588,0.9969415592156785,1,57.89707373387703,21.39633333689133,57.853835978835974,22.02380952380952,63.88606892839457,23.629119272298574
2026-06-21,transition,True,test,Bearish,6,-0.08849651547247499,0.6948881200833646,3,57.93898227066975,17.801708683991286,57.27513227513227,16.319444444444436,73.82457661590979,31.76452079217404
2026-06-29,stable,True,test,Sideways,0,0.01807137995343561,0.9639277500145611,1,52.15084731306277,7.809593580685942,51.63690476190476,7.49007936507936,77.69436125683653,34.593704816353274
2026-06-30,stable,True,test,Sideways,1,-0.0013148205676512933,0.9412395228813548,1,59.79531926494465,20.582487761987828,59.39980158730159,19.84126984126985,82.99132503259825,-13.267630923871508
2026-07-01,stable,True,test,Sideways,2,0.009393878347537573,0.923452427897806,1,63.29282477435506,5.033851041203086,62.342923280423285,4.786706349206355,75.1927684161824,-28.830852414444088
2026-07-02,stable,True,test,Sideways,3,-0.0010784611223489933,0.9381488371877206,0,69.02448482913121,2.071157889368749,68.41931216931216,2.430555555555543,69.668763709972,2.1307993704367902
2026-07-10,transition,True,test,Sideways,4,-0.12566715512291482,0.9966179398050982,1,72.78197091744043,26.904794909783675,72.77612433862434,26.116071428571416,72.78197091744043,26.904794909783675
2026-07-18,stable,True,test,Bullish,5,-0.18282832908656574,0.9997533882064119,3,58.77624729008403,-18.94572331891819,57.96957671957673,-20.734126984127002,61.97570053722336,-9.446805112972577
2026-07-19,stable,True,test,Bullish,6,-0.23855595647807085,0.9999960574097491,3,65.81220902333956,39.969142704894864,65.09589947089948,39.53373015873016,68.9950886812335,39.969142704894864
2026-07-20,stable,True,test,Bullish,0,-0.2893082804321157,0.9999967660662629,3,73.64323359246411,23.577539521163565,72.63558201058201,25.198412698412696,76.82611325035805,14.028900547481761
2026-07-21,stable,True,test,Bullish,1,-0.30178076535260984,0.9999989760513907,0,81.1201815632091,-17.62276460644982,80.81183862433862,-17.584325396825392,81.14922608049139,-17.53563105460296
2026-07-29,transition,True,test,Bullish,2,-0.3319014194384703,0.9559672556237656,3,60.05881705222843,-18.852349080037584,59.44940476190475,-19.370039682539677,63.60523191025041,-8.423678020956899
2026-08-06,stable,True,test,Sideways,3,-0.3888865146154698,0.9999984204930265,0,82.89253574679012,15.36392579721678,82.6388888888889,15.451388888888886,82.98309033777379,15.09226202426575
2026-08-07,stable,True,test,Sideways,4,-0.426919795925948,0.999997314045683,0,87.26358052872297,-10.820289150099228,87.00396825396825,-10.813492063492063,87.26358052872297,-10.820289150099228
2026-08-08,stable,True,test,Sideways,5,-0.4473276403671722,0.9999997485014773,0,86.02201440346708,4.844799322913332,85.7473544973545,4.6875,86.02201440346708,4.844799322913332
2026-08-09,stable,True,test,Sideways,6,-0.5046250973920601,0.9999998926680602,0,89.14310390369015,11.61405995208743,88.90542328042329,11.830357142857139,89.14310390369015,11.61405995208743
2026-08-10,stable,True,test,Sideways,0,-0.5352803842381638,0.9999991322929954,0,92.25923917657413,2.252815044320414,91.95601851851852,2.1081349206349245,92.25923917657413,2.252815044320414
2026-08-11,stable,True,test,Sideways,1,-0.5050580235642171,0.9999995612099114,0,87.11794259582013,-19.942358920017924,86.77248677248679,-20.33730158730158,88.12408608637809,-16.923928448344043
2026-08-19,transition,True,test,Sideways,2,-0.7094116926878065,0.9999503827704623,2,80.05159231608583,-6.071732185254859,79.58829365079366,-6.076388888888886,80.07456953558123,-6.100377660391857
2026-08-27,stable,True,test,Bullish,3,-0.22406745549765486,1.0,1,61.42859518568599,-1.9636190979252888,60.81349206349207,-3.819444444444464,61.42859518568599,-1.9636190979252888
2026-08-28,stable,True,test,Bullish,4,-0.23276136266845246,1.0,1,62.41755627534341,17.230726488181908,61.36739417989418,15.848214285714292,62.59910295870293,17.775366538260478
2026-08-29,stable,True,test,Bullish,5,-0.17501751037126767,1.0,1,70.82762795110457,12.92999090599912,69.68419312169313,14.58333333333335,71.2701881354373,13.71303140891871
2026-08-30,stable,True,test,Bullish,6,-0.23207129771322815,1.0,0,75.4447288867131,8.92080043992803,74.93386243386244,10.267857142857153,75.88728907104581,8.37616038984946
2026-08-31,stable,True,test,Bullish,0,-0.17427974976258634,1.0,2,79.06788918201742,2.869992346811415,79.22453703703705,3.769841269841251,79.32890268299063,2.086951843891825
2026-09-01,stable,True,test,Bullish,1,-0.20050186987688437,1.0,2,75.56358925810706,-11.434211672557566,74.89252645502644,-14.16170634920637,75.56358925810706,-11.434211672557566
2026-09-02,stable,True,test,Bullish,2,-0.1735176999766377,1.0,2,75.98192975182936,-0.6936589648180558,75.12400793650794,-1.9097222222222001,76.25462862980119,0.12443766909744625
2026-09-03,stable,True,test,Bullish,3,-0.17977221951215266,0.9999999999999981,0,69.70897952236838,-5.435958569840423,68.46891534391534,-3.199404761904759,70.06885075319566,-5.17444151127404
2026-09-04,stable,True,test,Bullish,4,-0.17887216615974746,1.0,1,76.33692036329747,7.194589369062783,75.7936507936508,7.118055555555557,76.72414973611075,6.45856716110525
2026-09-05,stable,True,test,Bullish,5,-0.14548197656133827,0.9999999999999942,1,68.72058646832589,-4.723809961349843,68.37797619047619,-4.191468253968246,68.83511696316732,-4.985327019916227
2026-09-06,stable,True,test,Bullish,6,-0.19114568588910533,1.0,2,73.2971234497554,-11.590170148339155,72.80092592592594,-11.904761904761926,73.32448159174139,-11.672244574297125
2026-09-07,stable,True,test,Bullish,0,-0.21284411461732958,1.0,1,68.14415010862409,14.584671030583621,67.72486772486774,14.136904761904766,68.23181767356537,14.847673725407475
2026-09-15,transition,True,test,Bullish,1,-0.1861196184142649,0.9998145803957454,0,74.98997968448589,2.4050902210818066,74.63624338624338,3.2986111111111143,76.75847887122323,2.2934102893710815
2026-09-18,transition,False,test,Volatile,4,-0.1624510326140369,0.9999842152106643,2,55.0130865010614,-8.691157764210331,53.56316137566137,-11.855158730158728,66.45097159389763,13.426243880662042
