date,kind,quiet_before,period,regime,weekday,volatility,daily_confidence,changes_4h,level_standard,slope_standard,level_no_confidence,slope_no_confidence,level_direction_only,slope_direction_only
2021-01-05,stable,True,train,Bullish,1,0.3688623792613646,1.0,1,55.20590386786504,-18.84379745740653,55.00165343915344,-19.866071428571423,55.34276776941899,-19.254389162068385
2021-01-06,stable,True,train,Bullish,2,0.3938475891359723,1.0,1,48.97081320261102,-5.345773374887997,48.66898148148149,-5.357142857142847,48.97081320261102,-5.345773374887997
2021-01-07,stable,True,train,Bullish,3,0.35918950192744276,1.0,2,48.527389438351264,4.154027543753209,47.933201058201064,4.017857142857139,48.527389438351264,4.154027543753209
2021-01-08,stable,True,train,Bullish,4,0.3434378346265648,1.0,1,51.58684699010623,9.039847193620446,51.1904761904762,8.903769841269835,51.58684699010623,9.039847193620446
2021-01-09,stable,True,train,Bullish,5,0.3998825772233371,1.0,1,52.237390632398416,-2.0638711552321993,51.86011904761906,-1.1408730158730194,52.237390632398416,-2.0638711552321993
2021-01-10,stable,True,train,Bullish,6,0.4099800003930523,1.0,0,54.94435802528096,3.0965570671359472,54.745370370370374,2.9017857142857153,54.94435802528096,3.0965570671359472
2021-01-11,stable,True,train,Bullish,0,0.5537476850680031,1.0,1,57.176106008616415,13.783460216750235,57.26686507936508,14.459325396825406,57.176106008616415,13.783460216750235
2021-01-12,stable,True,train,Bullish,1,0.7451503201046304,1.0,1,59.37048864905865,-3.601625412553119,59.45767195767197,-3.224206349206348,59.37048864905865,-3.601625412553119
2021-01-13,stable,True,train,Bullish,2,0.8022907421760048,1.0,1,56.41188761431494,-12.474489987101528,56.630291005291014,-13.144841269841272,56.41188761431494,-12.474489987101528
2021-01-21,transition,True,train,Bullish,3,0.742792589108217,0.9647933473532957,4,59.90283090686063,2.6148898463379595,59.143518518518526,0.9920634920634939,59.90283090686063,2.6148898463379595
2021-01-29,stable,True,train,Volatile,4,0.7912729427761952,0.9999999999999345,0,58.66728455544331,-4.794998304346322,58.540013227513235,-4.712301587301589,58.66728455544331,-4.794998304346322
2021-01-30,stable,True,train,Volatile,5,0.8302981942382958,0.9999999999992444,0,56.46594650417645,-18.49258278184388,56.489748677248684,-17.956349206349202,56.46594650417645,-18.49258278184388
2021-01-31,stable,True,train,Volatile,6,0.7986673752579526,0.9999999999975996,0,50.87951379693442,-0.07573118933648004,50.851521164021165,-0.39682539682539186,50.87951379693442,-0.07573118933648004
2021-02-08,transition,True,train,Volatile,0,0.5059595339458752,0.9992635414872385,0,72.23135012842825,-21.866849690760944,72.18088624338624,-21.354166666666664,72.23135012842825,-21.866849690760944
2021-02-16,stable,True,train,Bullish,1,0.3793927982775837,0.9999999999999994,1,63.18201839007992,0.4636871966078431,63.02910052910054,0.6944444444444429,63.335275245855286,0.9234577639339321
2021-02-17,stable,True,train,Bullish,2,0.3575181728502539,0.9999999999999999,3,67.51283522372772,-10.5526893950165,67.16269841269842,-10.887896825396837,67.66609207950309,-10.5526893950165
2021-02-18,stable,True,train,Bullish,3,0.29967868755817717,1.0,4,66.3505676140179,19.594649870222632,66.03835978835978,19.22123015873015,66.50382446979327,19.134879302896543
2021-02-26,transition,True,train,Bullish,4,0.6428877468124513,0.944873443528819,0,53.91792582654466,-1.9969342013922997,53.67063492063493,-3.149801587301596,53.91792582654466,-1.9969342013922997
2021-03-22,transition,True,train,Bullish,0,0.2824568340351705,0.5612864450055822,0,55.69980499801514,1.4034935980895042,55.24966931216932,1.9345238095238102,60.018401086988405,0.6731773483271937
2021-03-30,stable,True,train,Volatile,1,0.23847800457112728,0.9999999961714499,4,57.07900131449625,12.41166915005919,57.55621693121694,10.689484126984127,58.36683475762906,11.10622074044879
2021-03-31,stable,True,train,Volatile,2,0.19328775005806167,0.9999995871143089,3,64.7456804499944,12.315776842503361,64.55026455026456,10.714285714285715,65.67179572955182,10.843763342448838
2021-04-01,stable,True,train,Volatile,3,0.18378274329665475,0.9999989571180282,2,66.72698901770804,4.216517117072819,66.08796296296296,4.191468253968246,67.05200654464447,4.105531278148575
2021-04-02,stable,True,train,Volatile,4,0.14393666893319917,0.9999961692970206,1,65.23905656145634,-15.05216562519037,64.86441798941799,-13.963293650793652,72.07460327061476,4.25912800259141
2021-04-03,stable,True,train,Volatile,5,0.10603831627345386,0.9999603055635261,1,58.721349799134124,-13.181269147604198,58.48214285714286,-13.045634920634917,74.28380429351553,13.33073396587325
2021-04-04,stable,True,train,Volatile,6,0.1319412159212075,0.999999907367989,3,56.61105187531265,2.349420714363518,56.31613756613757,1.364087301587297,80.85796167480505,8.760213244106254
2021-04-05,stable,True,train,Volatile,0,0.08729052657809104,0.9999972317467283,2,54.966626705835004,-0.4323208466566797,54.33201058201058,-0.7688492063492021,77.89168461246516,-11.267306253130656
2021-04-06,stable,True,train,Volatile,1,0.05707367366218245,0.9998671769818213,2,55.85463177481963,-4.186360169185875,55.43154761904762,-3.2490079365079296,73.62253341640331,-19.199191766180803
2021-04-07,stable,True,train,Volatile,2,0.05321071139366067,0.9999802507671548,1,54.88305712549845,4.3679722748329155,54.910714285714285,5.753968253968246,69.8025795873376,6.199182943928776
2021-04-08,stable,True,train,Volatile,3,0.09323182416014793,0.9999999344097434,2,53.871741598721094,-6.130282633942635,54.24107142857142,-6.076388888888893,66.13431016823165,-9.464660922262965
2021-04-09,stable,True,train,Volatile,4,0.04256311365298818,0.9999824257232236,2,53.44578664033249,-2.5495010963881626,53.75330687830688,-3.1498015873015817,63.59787561460168,-15.34863393987353
2021-04-10,stable,True,train,Volatile,5,0.0,0.9998759776388293,1,51.17545170708581,0.5909140554249248,51.14087301587301,-0.0744047619047663,62.66572512174489,14.407539722676205
2021-04-11,stable,True,train,Volatile,6,-0.008064899016171368,0.9981352565244356,1,55.56049703149191,8.302718214441484,55.09259259259259,7.242063492063494,66.27808410699997,8.981719694392133
2021-04-12,stable,True,train,Volatile,0,-0.04587732802859255,0.9957504044474601,1,56.88579124538623,8.237386345034842,56.026785714285715,7.490079365079367,65.98229261548259,-13.439556935855258
2021-04-13,stable,True,train,Volatile,1,-0.061766343466518034,0.9956250177696202,3,62.37773572085505,3.911611508613106,61.21858465608466,3.6458333333333286,68.00270379073997,9.631696292683174
2021-04-14,stable,True,train,Volatile,2,-0.0903296914510644,0.9682732120208442,3,63.98685590524817,9.154196125937865,62.797619047619044,9.176587301587311,68.9342294591514,12.66367117417851
2021-04-15,stable,True,train,Volatile,3,-0.061840512409168574,0.9680403441012966,3,68.46674490578418,5.2012199202364116,67.55952380952381,6.200396825396837,73.4063071004415,-6.084557537757121
2021-05-01,transition,True,train,Bearish,5,0.2319012957830303,0.8358542628825452,2,57.11140210043671,6.015352543836805,56.4484126984127,6.597222222222214,58.17526114128325,6.88571836167138
2021-05-13,transition,True,train,Volatile,3,0.473670189827516,0.5639127840441568,1,57.794043850453704,0.5746874022237094,57.795965608465615,0.6448412698412724,57.86010077902886,0.6253770446328559
2021-05-21,stable,True,train,Bearish,4,0.9190755214169833,1.0,0,52.58021390223174,-2.9229704398496352,52.31481481481482,-1.9345238095238102,52.58021390223174,-2.9229704398496352
2021-05-22,stable,True,train,Bearish,5,1.0562160667341294,1.0,0,52.769410248448374,-5.5400770706520035,52.95138888888889,-5.332341269841272,52.769410248448374,-5.5400770706520035
2021-05-23,stable,True,train,Bearish,6,1.0289239443244316,1.0,0,50.13890939104641,1.1391339769456579,50.28108465608466,1.1656746031746081,50.13890939104641,1.1391339769456579
2021-05-24,stable,True,train,Bearish,0,1.1348306081543822,1.0,0,54.238592051630896,8.808488503253947,54.33201058201058,8.30853174603174,54.238592051630896,8.808488503253947
2021-05-25,stable,True,train,Bearish,1,1.0305950081080348,1.0,0,51.5941482930848,-5.581905774084447,51.570767195767196,-5.605158730158728,51.5941482930848,-5.581905774084447
2021-05-26,stable,True,train,Bearish,2,1.0165286718713302,1.0,0,52.11812764210618,-9.587975957743666,52.017195767195766,-9.647817460317455,52.11812764210618,-9.587975957743666
2021-05-27,stable,True,train,Bearish,3,0.9631074143463898,1.0,0,48.75408408902342,6.649689119643973,48.561507936507944,6.225198412698404,48.75408408902342,6.649689119643973
2021-05-28,stable,True,train,Bearish,4,0.9564165595599424,0.9999999999999999,0,54.21016903892819,9.214411028565706,53.786375661375665,8.730158730158728,54.21016903892819,9.214411028565706
2021-05-29,stable,True,train,Bearish,5,1.023577916822969,1.0,2,58.42366802729629,13.144651666608901,58.09358465608466,13.64087301587302,58.42366802729629,13.144651666608901
2021-05-30,stable,True,train,Bearish,6,1.0368816291278071,1.0,2,58.827195108574934,-8.507984486234363,58.63095238095239,-7.837301587301582,58.827195108574934,-8.507984486234363
2021-05-31,stable,True,train,Bearish,0,0.9823507298799656,1.0,2,55.84243997356009,-12.380351341583136,55.86970899470899,-12.475198412698411,55.84243997356009,-12.380351341583136
2021-06-01,stable,True,train,Bearish,1,0.9180034886042405,0.9999999999999909,1,55.344002813887364,10.438758943754792,55.596891534391546,11.210317460317462,55.344002813887364,10.438758943754792
2021-06-02,stable,True,train,Bearish,2,0.8960934431249954,0.999999999999346,1,56.1774836452507,2.946723412900205,56.43187830687831,2.9513888888888786,56.1774836452507,2.946723412900205
2021-06-03,stable,True,train,Bearish,3,0.8380947061920853,0.9999999997844624,2,60.21065223007266,1.2144658919008862,60.52414021164021,0.6200396825396766,60.21863865777195,1.2384251749987385
2021-06-04,stable,True,train,Bearish,4,0.7613584290129695,0.9999996304445963,3,64.45324500871595,20.66609478559463,64.40972222222223,20.36210317460319,64.46123143641523,20.66609478559463
2021-06-05,stable,True,train,Bearish,5,0.8186493938746472,0.9999999991577218,5,64.02190154575386,-10.446812730451924,63.92195767195768,-10.788690476190474,64.29967832471549,-9.661400959762744
2021-06-13,transition,True,train,Bearish,6,0.702152408023684,0.9999999666500423,3,57.433145994737174,0.5856901688634721,56.56415343915344,-0.5456349206349174,57.433145994737174,0.5856901688634721
2021-06-18,transition,False,train,Volatile,4,0.5364407651986199,0.9998833617965012,1,60.63201065107481,-15.598846361651376,60.38359788359788,-15.649801587301582,60.80010761428074,-15.109876607858226
2021-06-30,transition,True,train,Bearish,2,0.497767053719768,0.6521218477663554,1,63.17323622900471,31.176552618549607,62.82242063492064,30.977182539682538,63.48855059388686,31.176552618549607
2021-07-08,stable,True,train,Volatile,3,0.30671012655027297,0.999999332690319,1,53.98722986733358,2.5128221318269297,53.86904761904762,1.2400793650793602,59.189531103607216,9.77803442450898
2021-07-09,stable,True,train,Volatile,4,0.31801176636598366,0.9998661039785175,0,55.61804942363613,9.610962985423875,55.34060846560846,10.342261904761905,60.4837306019094,8.284743155716171
2021-07-10,stable,True,train,Volatile,5,0.26655715294231014,0.9999993112026022,0,56.67907243070516,-4.048257427136086,56.58895502645502,-3.422619047619044,62.3743662836508,-8.508272040094397
2021-07-11,stable,True,train,Volatile,6,0.24030605109580366,0.9997967821731436,0,55.28414436900797,-6.564420722172287,55.36541005291006,-6.845238095238095,63.6429305411724,9.701128702167217
2021-07-12,stable,True,train,Volatile,0,0.1785078503569182,0.9992810052937645,1,61.99596575227679,26.56335811402326,61.582341269841265,25.248015873015873,73.44384927712478,32.01559231834912
2021-07-13,stable,True,train,Volatile,1,0.20485283292490633,0.9997122716724084,3,63.15059038426373,3.6004006539163456,63.06216931216932,4.6875,74.18238278858938,-10.098364278265372
2021-07-14,stable,True,train,Volatile,2,0.17271677648767908,0.9974076685503703,5,63.7448615569098,-24.917071354040587,63.61607142857142,-23.8343253968254,71.94444296624515,-26.415446972722663
2021-07-15,stable,True,train,Volatile,3,0.13224479199156633,0.999084672472313,4,54.041715825920754,-6.009952974904721,54.48082010582011,-6.597222222222221,60.74084461985462,-3.810803255216257
2021-07-16,stable,True,train,Volatile,4,0.14996028125023703,0.9492108173342316,2,54.06184647331407,1.8779790781581482,54.042658730158735,1.7113095238095255,63.06237917838004,3.580058864343613
2021-07-17,stable,True,train,Volatile,5,0.13564976933293724,0.9285911580278864,0,54.01193304273232,4.042625547181288,53.59623015873016,2.232142857142861,60.73201733045541,0.2042625226750303
2021-07-18,stable,True,train,Volatile,6,0.08450792100027549,0.944658068365479,0,56.246249852034175,0.6326055108208735,55.489417989417994,0.39682539682539897,66.68159645360113,7.0733304386446605
2021-07-19,stable,True,train,Volatile,0,0.05028875224353107,0.9034388689987685,0,55.15151943480313,-1.256471881789757,54.35681216931217,-0.34722222222222854,68.27933317494852,15.364354572159598
2021-07-20,stable,True,train,Volatile,1,0.06286712919692153,0.9353225213888118,2,56.72649456110951,2.064600498194878,55.605158730158735,0.2976190476190439,74.44721625715817,0.8591743998668591
2021-07-21,stable,True,train,Volatile,2,0.09378526019374486,0.9741962624062247,2,55.43834186493393,0.05233867398731462,54.66269841269841,0.9672619047619051,69.49810825361354,-12.56720373603136
2021-07-29,transition,True,train,Volatile,3,-0.08413102617804406,0.5924873176395761,0,61.826060621494236,8.551882005290665,61.38392857142858,8.333333333333329,61.851251344657534,8.551882005290665
2021-08-06,stable,True,train,Bullish,4,-0.010054877762011827,0.9999823163879504,3,65.77163985280633,-2.5718608498563356,65.91435185185186,-2.6041666666666714,66.77871479105143,0.33749290155320466
2021-08-07,stable,True,train,Bullish,5,-0.02177083643369732,0.9999998417740631,2,65.71425151104587,-2.2361778227583926,65.90608465608467,-1.6369047619047592,66.90886511875988,-1.7854328776774224
2021-08-08,stable,True,train,Bullish,6,-0.06683291200077712,0.9999999993417366,1,67.64197122141974,10.419032778454977,67.75793650793652,9.771825396825392,69.01928478454887,8.169649956616595
2021-08-09,stable,True,train,Bullish,0,-0.06028907318293375,0.9999999334510428,0,70.31255603410037,5.6120586134668855,70.3125,5.084325396825392,70.72008501342633,5.049442605060165
2021-08-10,stable,True,train,Bullish,1,-0.07747833212607567,0.9999999999822599,0,70.75587397785519,-6.689383122615524,70.29596560846562,-7.242063492063494,70.97586428771224,-7.349354052186683
2021-08-11,stable,True,train,Bullish,2,-0.07379367647988203,0.9999999925269097,0,65.33677608494497,-13.850015338317554,64.90575396825398,-14.0625,65.33677608494497,-13.850015338317554
2021-08-12,stable,True,train,Bullish,3,-0.10336354086953216,0.9999999749459654,0,63.79356781588219,-0.3475200249858972,63.07870370370372,-0.3472222222222143,64.2334633510683,0.9721665805723916
2021-08-13,stable,True,train,Bullish,4,-0.07672492874663123,0.9999956584697522,1,60.56051865388461,-0.13123692987759483,60.102513227513235,0.0,61.25873541842873,0.6437267581964363
2021-08-17,stable,True,train,Bullish,1,-0.09921158275159252,0.9999339903987948,2,55.58636914955198,-0.32385086789903283,55.613425925925924,-0.47123015873016527,58.474782599689036,2.9747706213171483
2021-08-18,stable,True,train,Bullish,2,-0.0617476464553432,0.9996149959262097,1,56.215595740645256,0.40158151689506383,56.20039682539683,0.5952380952380949,58.48091314079495,-0.3134669912517154
2021-08-19,stable,True,train,Bullish,3,-0.08099806455424734,0.9982467309755626,0,56.57579977293208,2.8905612211442886,56.60548941798942,2.852182539682545,58.89683048866769,-1.3951599631294869
2021-08-20,stable,True,train,Bullish,4,-0.10499782446616794,0.9992704847764745,0,57.63132857372698,0.955055761205827,57.589285714285715,0.7192460317460245,58.30440955022903,1.1791161826834653
2021-08-28,transition,True,train,Bullish,5,-0.19064460618206386,0.5113762293373246,0,54.73029733684208,3.3106949418331766,54.43948412698413,3.422619047619044,62.26852276191615,13.472045492311288
2021-09-05,stable,True,train,Volatile,6,-0.30475670122643206,0.9971027535741661,1,68.49856627423912,-12.613453412169065,68.10515873015873,-13.690476190476197,68.63371720426711,-12.208000622085109
2021-09-06,stable,True,train,Volatile,0,-0.3306212899975436,0.9873118716163594,2,74.30087238041132,18.796861546755935,73.77645502645503,19.246031746031747,74.4360233104393,18.796861546755935
2021-09-07,stable,True,train,Volatile,1,-0.3596290497351601,0.9765523173007091,2,72.9346886584208,7.124959017958119,72.57771164021163,7.86210317460317,73.10343649141625,6.8202969367766
2021-09-08,stable,True,train,Volatile,2,-0.007383927444565758,0.9999999426355725,2,74.05521869662623,-26.65878161606937,73.82605820105822,-26.959325396825392,74.0888155995937,-26.65878161606937
2021-09-09,stable,True,train,Volatile,3,0.012397798223385884,0.9999990838409045,1,62.288545771713665,-12.404606062010153,62.1114417989418,-12.30158730158729,62.422287910292006,-12.204961064079967
2021-09-10,stable,True,train,Volatile,4,-0.017207333960887923,0.999998933723655,1,60.67857870742415,-1.066532289526677,60.226521164021165,-1.5376984126984183,60.77910475829814,-1.0653898437373286
2021-09-11,stable,True,train,Volatile,5,0.021134423305473687,0.9999122718996013,1,60.87615260295015,9.233958845246299,60.63161375661377,9.399801587301596,61.155989384273504,9.471455329761753
2021-09-12,stable,True,train,Volatile,6,-0.02441718495570859,0.9997739058735055,1,59.1460174544896,-12.765110314523255,58.606150793650805,-12.723214285714285,64.3331326409402,2.256018161901764
2021-09-13,stable,True,train,Volatile,0,-0.06717202716411398,0.999700969604533,1,55.941497274255376,-11.272814516807365,55.63822751322752,-11.656746031746053,66.45036899192132,4.155665331279977
2021-09-14,stable,True,train,Volatile,1,-0.01544721969449958,0.9903614138814503,0,54.18192530175759,9.145648373134584,53.57142857142858,9.275793650793652,64.8674684703321,-4.808676005006035
2021-09-22,transition,True,train,Volatile,2,0.0793762695597174,0.7049457380823406,2,65.36280122700511,-14.878514543062117,65.36044973544973,-14.161706349206355,67.27351643286819,-18.773604090997217
2021-10-06,transition,False,train,Volatile,2,-0.16459856304964995,0.9972153787548192,2,65.35282786974591,11.24940077202099,64.84788359788361,11.111111111111128,65.50094952476259,11.199796345931802
2021-10-14,stable,True,train,Bullish,3,-0.18551568624066556,0.9999999962857291,1,63.74762642766938,-23.219474259090703,63.955026455026456,-21.230158730158728,65.64711237049022,-18.383637677315605
2021-10-15,stable,True,train,Bullish,4,-0.2138710008568657,0.999999996664631,1,56.523818505497935,-5.368402704685153,56.8287037037037,-5.307539682539691,63.10775565693749,7.822329674483619
2021-10-16,stable,True,train,Bullish,5,-0.2039614168435974,0.9999999999998339,1,58.37858691776026,12.48075843404851,58.16798941798942,9.176587301587311,65.1549283965271,9.08475608094264
2021-10-17,stable,True,train,Bullish,6,-0.20941582154893612,0.9999999999263426,1,61.08324898555432,6.565935710805803,60.25132275132275,6.3988095238095255,66.24764493706279,-7.487417915050386
2021-10-18,stable,True,train,Bullish,0,-0.22459152789121276,0.9999999999976453,1,62.28470388278878,-7.328343249768743,61.48313492063492,-5.6299603174603305,62.956198512161215,-8.193527818989928
2021-10-19,stable,True,train,Bullish,1,-0.23424493834287324,0.9999999999993401,1,61.095248054802596,0.7984047467077744,60.45800264550264,-0.1488095238095184,61.48489098598039,1.3926838807931077
2021-10-20,stable,True,train,Bullish,2,-0.26431597450027183,0.9999999999999437,1,59.93412681165765,-0.5217927103324342,58.9781746031746,-1.7361111111111143,64.38973398585499,11.101450359278154
2021-10-21,stable,True,train,Bullish,3,-0.27675330305408974,0.9999999999999872,2,61.31915864596871,0.39511973712299664,60.50760582010582,2.0337301587301653,68.09182891899805,7.326679558981702
2021-10-29,transition,True,train,Bullish,4,-0.12486976711440202,0.555473113381185,2,56.05982942122125,-6.3802624238823284,55.96891534391534,-5.580357142857146,66.75111904649638,-24.756790414317997
2021-11-06,stable,True,train,Volatile,5,-0.21298727539089893,0.9999999999939189,1,56.16560081427571,-9.955682955869108,54.62962962962964,-7.44047619047619,69.77792444993771,-13.220779658044947
2021-11-07,stable,True,train,Volatile,6,-0.2569627749151945,0.9999999989610829,1,61.03439427511048,19.448896942946085,60.358796296296305,18.849206349206355,72.67487470114989,14.893273605218482
2021-11-08,stable,True,train,Volatile,0,-0.30800969335442563,0.9998345141268151,1,66.93913806631302,22.82739776903491,66.2285052910053,23.387896825396822,74.78748647851853,13.356192138568858
2021-11-09,stable,True,train,Volatile,1,-0.3290073072943398,0.9996614793622733,2,74.65770801211863,-1.4063535009565413,74.04100529100529,-1.190476190476204,78.54309155834919,-10.644815172189425
2021-11-10,stable,True,train,Volatile,2,-0.3351356166045684,0.9988336572170816,1,72.3799184886179,-5.098703001163713,71.93287037037037,-5.084325396825392,73.18581481110417,-7.516391968622514
2021-11-11,stable,True,train,Volatile,3,-0.22380550640553856,0.9911953702879401,1,66.51640965822794,-17.91883855955183,66.07142857142857,-17.633928571428562,66.51640965822794,-17.91883855955183
2021-11-12,stable,True,train,Volatile,4,-0.2595754657120521,0.9946326873416649,1,58.81764907052445,-17.669266693564808,58.399470899470906,-17.88194444444445,62.87000590145808,-5.512196200763924
2021-11-13,stable,True,train,Volatile,5,-0.24474556780062057,0.9982053392451274,1,52.371821031866915,-6.845660625966431,51.89318783068783,-7.018849206349202,59.61807091195902,2.73601852150901
2021-11-14,stable,True,train,Volatile,6,-0.2815441184925643,0.9982722952433657,1,52.4447015007835,5.396084610308392,52.04199735449736,5.828373015873012,66.99394092600062,15.147982752882555
2021-11-22,transition,True,train,Volatile,0,-0.1852827696902348,0.7272997802176594,1,58.25101120910464,-12.549229293781167,58.267195767195766,-13.020833333333336,71.3028506359323,4.190783796781247
2021-11-30,stable,True,train,Bearish,1,-0.14666785595120296,0.980304602170542,2,61.56362373365004,9.800255157596204,62.185846560846564,10.689484126984134,71.32043129007774,4.482086682950609
2021-12-01,stable,True,train,Bearish,2,-0.12437811263343891,0.9582921319429636,2,63.23113040399784,6.414646739102238,63.61607142857142,6.398809523809533,71.12816055152426,-16.876452862682875
2021-12-02,stable,True,train,Bearish,3,-0.1380469984133074,0.7592820857181609,1,61.205078081442934,-17.290538853319774,61.359126984126995,-19.568452380952387,63.714403978269274,-10.423715755693124
2021-12-03,stable,True,train,Bearish,4,-0.15918040136272527,0.5124296643768991,2,54.65412678928382,-14.855118729924513,54.25760582010582,-14.905753968253968,61.938492970723026,-0.26883412402771256
2021-12-04,stable,True,train,Bearish,5,-0.03363792642719653,0.6050217066078617,2,57.42268603902647,20.79848145599493,56.75429894179894,20.65972222222222,67.07490707903806,20.774059182027173
2021-12-05,stable,True,train,Bearish,6,0.23764934597907791,0.8148980787115203,3,58.51965686535758,5.653227502150877,58.07705026455026,5.704365079365083,65.78045705672577,-8.979332799991248
2021-12-06,stable,True,train,Bearish,0,0.19748262366745414,0.9696130834456629,2,63.79016068112998,-7.349285031835294,63.31018518518519,-6.696428571428569,66.23928581771867,-14.301590165994057
2021-12-07,stable,True,train,Bearish,1,0.1798016294346604,0.9981734465794478,1,64.17202831964438,18.653171892544826,63.98809523809524,18.72519841269842,64.23787336557895,18.653171892544826
2021-12-08,stable,True,train,Bearish,2,0.14081313725475514,0.9997776341302201,1,63.90974477698305,-10.94513457315034,63.84755291005291,-10.416666666666671,64.6661278508349,-9.071055627202085
2021-12-09,stable,True,train,Bearish,3,0.12444284491492433,0.9999793863874801,1,60.92725816449101,-17.44234778485464,60.68121693121694,-18.22916666666667,63.780682316142595,-10.95368941365178
2021-12-10,stable,True,train,Bearish,4,0.1828711900874644,0.9999999298557167,2,57.885874359403225,10.3158711052655,57.12632275132275,8.482142857142861,61.075746203196104,9.253600097937465
2021-12-11,stable,True,train,Bearish,5,0.18026354556437885,0.9999999902585426,2,61.772274942563264,9.661527013805916,60.846560846560855,10.243055555555557,64.28805837300467,3.2222174863005293
2021-12-12,stable,True,train,Bearish,6,0.11776243366567964,0.9999870564493162,2,60.92037215065136,-10.873904745326989,59.79662698412699,-10.714285714285715,62.36872675274094,-8.596875935603492
2021-12-13,stable,True,train,Bearish,0,0.0760672133123953,0.9999530189720068,1,57.90713620822739,-10.383038471486536,57.374338624338634,-9.945436507936513,62.70715572491171,0.6319505050241077
2021-12-14,stable,True,train,Bearish,1,0.17171380414784163,0.9999995922812691,0,54.986483417085914,3.4552770161172006,54.62136243386244,5.133928571428569,60.52011711469513,2.419096516441975
2021-12-22,transition,True,train,Bearish,2,-0.04247449675830774,0.9685882916325558,2,58.50462547990156,9.932939840217564,59.1848544973545,12.499999999999993,65.65033482490485,1.681301050245267
2021-12-28,transition,False,train,Sideways,1,-0.23147980380944116,0.9990921634021739,2,57.03113063398845,1.155011876894072,57.13458994708994,1.4136904761904816,66.23884761104303,9.030673337020772
2022-01-01,transition,False,train,Volatile,5,-0.12921735797465914,0.7761474230504009,2,61.13320079956943,-9.83875578774829,60.88789682539683,-10.49107142857143,68.59396273494212,-1.2749581093279119
2022-01-05,transition,False,train,Sideways,2,-0.1984070456493186,0.9994412934864421,3,60.36952701556688,1.4287057004329213,60.26785714285714,3.3730158730158806,78.92791030994647,-16.7955198369105
2022-01-13,stable,True,train,Bearish,3,-0.16438786682300113,0.9999998582490391,0,53.68658013224388,-2.177733427957854,53.38128306878307,-1.9345238095238102,68.23676527927933,1.5295843762223456
2022-01-14,stable,True,train,Bearish,4,-0.13357434902294943,0.9999999992978024,0,54.75570685548353,-2.2741754549872866,54.17493386243387,-3.0009920634920775,70.73954227676245,7.068569473995282
2022-01-15,stable,True,train,Bearish,5,-0.15259779566590595,0.9999781335358796,0,52.133479415964,-0.2073932658945168,51.554232804232804,-0.5456349206349245,68.40986679884612,-8.078849291517237
2022-01-16,stable,True,train,Bearish,6,-0.18244722820098733,0.999458561260145,1,61.34783212985252,22.25794454398877,60.028108465608476,21.106150793650805,74.9209212016358,13.554416592142033
2022-01-17,stable,True,train,Bearish,0,-0.22431203915363174,0.9808287242231859,1,73.23115236520844,41.24246756963909,72.16435185185185,41.269841269841265,81.4921915696306,33.77140701172862
2022-01-18,stable,True,train,Bearish,1,-0.21699524140818505,0.989617506679511,1,83.03653607751504,1.5656997293596504,82.0436507936508,3.6706349206349103,90.04194888357802,-1.9627405580440467
2022-01-19,stable,True,train,Bearish,2,-0.24068089139737175,0.9853031668073332,0,73.3202993709282,-42.54072628183948,73.07374338624338,-42.212301587301575,80.7820907364004,-33.93896895337515
2022-01-20,stable,True,train,Bearish,3,-0.24359156820546107,0.9969827644761299,2,58.615951271305214,-32.28672786614961,58.30853174603175,-32.663690476190474,68.93657003430327,-27.41442703640503
2022-01-21,stable,True,train,Bearish,4,-0.1833540928881973,0.9999335437608683,4,60.18417236255669,35.419073122874565,59.92890211640212,35.441468253968246,68.17957043796054,23.5458350944606
2022-01-22,stable,True,train,Bearish,5,0.04791867339168263,0.9999999999998096,5,64.02933603228207,13.10780902620563,64.04596560846561,14.43452380952381,68.26772856683085,1.862067539527139
2022-01-23,stable,True,train,Bearish,6,0.10345047357436316,0.9999999999999996,3,68.62356912274016,-23.20869186852974,68.85747354497354,-23.09027777777778,68.8831969925276,-23.297022970286534
2022-01-24,stable,True,train,Bearish,0,0.05755991088962148,0.9999999999998167,1,63.316399524786114,7.962073319836257,63.45899470899471,6.894841269841272,63.54658369398796,7.27152081223074
2022-01-25,stable,True,train,Bearish,1,0.11688378734089874,0.9999999999998852,0,62.641275184900394,-2.700263264825857,62.42559523809524,-3.1001984126984112,62.641275184900394,-2.700263264825857
2022-01-26,stable,True,train,Bearish,2,0.09087422810445951,0.9999999999999902,1,60.59812919588253,-13.416621041721172,60.39186507936508,-12.996031746031747,60.60818842005829,-13.386443369193906
2022-01-27,stable,True,train,Bearish,3,0.10302149877679592,0.9999999999999999,3,56.69196032583087,-1.731060270661537,56.4484126984127,-1.8353174603174622,56.735590836365425,-1.630346411585137
2022-01-28,stable,True,train,Bearish,4,0.07266566550580161,0.9999999999999987,5,57.16659028744152,4.8530645870596985,57.027116402116405,4.7371031746031775,57.243354326742086,4.922287500830443
2022-02-05,transition,True,train,Bearish,5,-0.082647380139418,0.7270864117829924,1,56.181351751541236,1.6242560413226457,56.101190476190474,1.9097222222222285,66.85437147644274,-14.298258869006986
2022-02-20,transition,True,train,Volatile,6,-0.14636566532215978,0.9893534601585922,4,68.12678353508652,5.12524297327807,66.93948412698414,6.770833333333336,69.26723466870159,1.7038895724328285
2022-02-28,transition,True,train,Bearish,0,0.05738489470766481,0.9984426244223487,2,56.25529888148032,11.377935219012656,56.63855820105821,11.830357142857153,56.63658018322059,11.827969190998907
2022-03-08,stable,True,train,Volatile,1,0.12292013127522836,0.9998473355190818,2,68.48860995482049,6.210050357951495,68.06382275132276,6.225198412698425,69.00643811144899,4.656565888066012
2022-03-09,stable,True,train,Volatile,2,0.07545033885943898,0.9999437385993453,3,66.75736572644848,-14.651469744084679,65.90608465608467,-15.52579365079366,67.1993478394196,-13.325523405171353
2022-03-10,stable,True,train,Volatile,3,0.041754041373514156,0.9997724860112872,4,64.92143119328477,-2.260116898473939,64.32705026455027,-1.9097222222222285,65.88463800405731,-0.6964428050696796
2022-03-11,stable,True,train,Volatile,4,0.13242416395167197,0.9999866231251507,4,59.171863039328315,-5.84492141880191,59.358465608465615,-2.2073412698412653,60.388853759932346,-6.409516028220722
2022-03-12,stable,True,train,Volatile,5,0.13478931916388728,0.9999396384589944,5,60.18462430813249,-6.105382338181016,60.76388888888889,-6.57242063492064,61.59462410486547,-5.764082864285122
2022-03-13,stable,True,train,Volatile,6,0.08358656630097624,0.9995548208358457,4,55.56426667763793,1.1275146719117828,55.96064814814815,-1.4136904761904816,66.54948912282738,30.655504981190973
2022-03-14,stable,True,train,Volatile,0,0.09042243211330708,0.999364676334174,4,61.741588155440475,9.648759208193184,60.995370370370374,8.68055555555555,79.13456655291888,27.728405227254406
2022-03-15,stable,True,train,Volatile,1,0.04275409265556514,0.9997190383070085,4,58.637430919235726,-1.5567811553115831,58.32506613756613,-0.17361111111110716,77.52766051072565,-25.449396044750564
2022-03-16,stable,True,train,Volatile,2,0.035379792643611165,0.9961116330203325,5,60.72525677816608,-11.140972184704808,60.60681216931217,-9.672619047619044,71.06633680576348,-26.48369842397004
2022-03-17,stable,True,train,Volatile,3,0.00738280307910133,0.9999847320539479,3,56.31507220067176,5.730677184324485,56.6385582010582,4.786706349206348,60.11254849949606,-0.312241564968204
2022-03-18,stable,True,train,Volatile,4,-0.02982103907313448,0.9998389760508342,2,58.47141032558114,-1.3512443573744761,59.1848544973545,0.6200396825396766,61.043147780818714,-3.2736270858960737
2022-03-19,stable,True,train,Volatile,5,-0.05070179608219256,0.9999549299090761,1,60.34697952300252,7.716289140042278,60.51587301587301,6.225198412698411,61.40065971614053,7.450202300797706
2022-03-27,transition,True,train,Volatile,6,-0.2939889552658894,0.9208456796487294,0,69.4222887588378,-10.923843977049359,69.29563492063492,-10.292658730158749,69.4222887588378,-10.923843977049359
2022-04-06,transition,True,train,Bullish,2,-0.30169817416196276,0.7743915067634154,0,67.85972684484639,-17.64883120620147,67.44378306878308,-17.782738095238102,75.60624666042418,-10.858263491632385
2022-04-11,transition,False,train,Volatile,0,-0.28743554773991165,0.6391689934825543,1,65.19109153115654,-8.612367315957577,64.0542328042328,-11.483134920634917,75.08520499757279,20.761903372395565
2022-04-25,transition,True,train,Bearish,0,-0.2726217469962922,0.994827200947842,1,60.79750229919699,18.66060602168146,60.292658730158735,16.66666666666667,81.06274316347155,30.196580532751554
2022-05-05,transition,True,train,Sideways,3,-0.2501289163688052,0.9869100303343582,2,66.84084545023566,7.949162343692166,66.88161375661376,7.614087301587304,72.716018853032,4.052969240150439
2022-05-09,transition,False,train,Volatile,0,-0.022348610753491135,0.7557589327729046,0,72.20905513089686,9.620791044857228,71.73445767195767,9.548611111111114,72.48027899291058,8.807119458816032
2022-05-17,stable,True,train,Bearish,1,0.33112347031401285,0.9999999999998659,1,60.36217981685641,-17.103114722435535,60.019841269841265,-16.145833333333343,60.410516644816546,-17.103114722435535
2022-05-18,stable,True,train,Bearish,2,0.2830742023743676,0.999999999527272,0,55.677473873600015,-2.2217253382982776,55.34060846560846,-1.3144841269841265,56.1187332391007,-1.1879682095571198
2022-05-19,stable,True,train,Bearish,3,0.3377111718024676,0.999999999999359,0,55.62960584966657,5.127118159164304,55.6547619047619,4.36507936507936,56.43000576242539,6.349550284819159
2022-05-20,stable,True,train,Bearish,4,0.27306544985709996,0.9999999822976771,0,55.60116188088912,-3.134328798998709,55.30753968253968,-3.1498015873015888,56.689143608502405,-3.450350967056906
2022-05-21,stable,True,train,Bearish,5,0.30748473567418055,0.9999999946095296,0,57.153322848157956,2.5783616353085534,56.845238095238095,2.356150793650805,58.84689233740655,4.3514604071812215
2022-05-22,stable,True,train,Bearish,6,0.25027253957278517,0.9999999625667233,0,56.68752348695474,3.815051981886981,56.46494708994709,4.265873015873012,67.57027438642875,31.742282893654725
2022-05-23,stable,True,train,Bearish,0,0.19332999704532963,0.999997642354899,0,59.04294111958717,-0.7245588029078789,58.08531746031746,-2.9017857142857295,75.2738702881685,13.187190551449916
2022-05-24,stable,True,train,Bearish,1,0.22699005636148073,0.9999988451106718,0,57.8144324775667,0.29023379285677464,56.95271164021164,0.09920634920635507,76.59279274931178,-17.861918356455575
2022-06-01,transition,True,train,Bearish,2,-0.0013592908121098856,0.9999939492347639,1,81.12403021108157,-16.479319393321646,80.77876984126986,-16.914682539682545,81.72669208032288,-18.00812312793839
2022-06-13,transition,True,train,Volatile,0,0.10121108228896912,0.9990256733597677,1,58.432839474741776,2.8860340786091214,57.8125,4.985119047619051,67.23657911006565,-8.925678732363224
2022-06-21,stable,True,train,Bearish,1,0.6118338256725312,1.0,0,53.49300663469247,-12.845462163571476,53.37301587301588,-12.847222222222229,53.49300663469247,-12.845462163571476
2022-06-22,stable,True,train,Bearish,2,0.5813380305885103,1.0,0,50.9610816715695,7.901855436548452,50.68617724867725,7.291666666666664,50.9610816715695,7.901855436548452
2022-06-23,stable,True,train,Bearish,3,0.5863115264356549,1.0,0,60.740241567802435,26.68531152635292,60.35052910052911,26.48809523809524,60.740241567802435,26.68531152635292
2022-06-24,stable,True,train,Bearish,4,0.5100061878824447,0.9999999999999991,2,62.0131039893977,-1.4311000094168165,61.96263227513228,0.049603174603177536,62.11573885396894,-1.12319541570308
2022-06-25,stable,True,train,Bearish,5,0.462973844586263,0.9999999999990212,2,70.81769430330458,4.978146689570352,70.83333333333333,4.910714285714278,70.92032916787583,4.978146689570352
2022-06-26,stable,True,train,Bearish,6,0.4067592673937771,0.9999999998646081,2,66.46380672592623,9.80506152943208,66.3938492063492,8.333333333333336,66.57167886125342,9.512868747986175
2022-06-27,stable,True,train,Bearish,0,0.39431908534294063,0.9999999998826686,1,68.89978501458653,-20.536936085156597,68.51851851851852,-20.188492063492056,70.10235835987176,-16.944927861568786
2022-06-28,stable,True,train,Bearish,1,0.3807776720141813,0.9999999999415731,1,60.31236012483013,-7.7224652475637825,59.90410052910054,-7.614087301587304,63.16372040164615,-2.791816265239177
2022-07-06,transition,True,train,Bearish,2,0.27309576519274914,0.8992653226805206,2,60.406465610549496,9.193105426771744,60.33399470899471,9.647817460317462,70.33222648328808,-11.80529527157941
2022-07-14,stable,True,train,Volatile,3,0.16053148890475816,0.9974765479777298,4,66.81203932112116,6.994011844300772,66.85681216931218,7.862103174603192,68.37984667371148,2.6209050069013813
2022-07-15,stable,True,train,Volatile,4,0.1440127787254136,0.9999974733798885,3,67.48237374104228,-22.641099476960036,67.63392857142858,-22.147817460317455,67.73438088345215,-22.050235659916268
2022-07-16,stable,True,train,Volatile,5,0.10658579421953959,0.9998693024789496,4,60.71887983595309,-2.6323908228449397,61.226851851851855,-2.6041666666666856,61.0664652487819,-2.510813621773842
2022-07-17,stable,True,train,Volatile,6,0.08179435574058491,0.9995988874449377,2,55.92331878091179,-9.403674580586511,56.43187830687831,-8.854166666666671,59.189424538218674,-1.0738197540102874
2022-07-18,stable,True,train,Volatile,0,0.08346581361139298,0.9996306247404647,4,55.60990376264181,-3.29086281650239,56.258267195767196,-3.4474206349206256,59.2640083883218,-1.822737205596205
2022-07-19,stable,True,train,Volatile,1,0.05445287386036272,0.9999999999483324,4,54.23124727554207,7.618322880979711,54.58002645502646,6.746031746031747,57.78977363080309,-1.3023957626402805
2022-07-20,stable,True,train,Volatile,2,0.06487108096105444,0.9999999998835759,3,61.29139318051396,12.71700818913913,61.25992063492064,11.70634920634921,61.876346654568316,10.962147766976052
2022-07-21,stable,True,train,Volatile,3,0.07427598410925261,0.9999999959890749,1,67.20970548085508,18.60004354582025,66.75760582010582,18.08035714285714,67.20970548085508,18.60004354582025
2022-07-22,stable,True,train,Volatile,4,0.06469924447742942,0.9999999892669164,0,66.85826298433754,-14.61644232348862,66.42691798941799,-14.285714285714292,66.85826298433754,-14.61644232348862
2022-07-23,stable,True,train,Volatile,5,0.08167134248059878,0.9999999917469055,1,65.13319311498236,-10.21313831994982,64.80654761904762,-9.647817460317455,65.22022082486845,-9.952055190291546
2022-07-24,stable,True,train,Volatile,6,0.0784196841258509,0.9999999910912306,1,59.369487164405975,2.3632531836437423,59.22619047619048,2.331349206349202,60.402620091654285,5.201568835730377
2022-07-25,stable,True,train,Volatile,0,0.04242847010157501,0.9999998229879928,1,58.26581402677673,-12.752252128310793,57.69675925925926,-14.012896825396822,61.37106431148686,-6.796983185583592
2022-07-26,stable,True,train,Volatile,1,0.10786302768049423,0.9999907594776565,0,55.77108250248554,-0.40621504109427775,55.18353174603175,-0.4464285714285623,59.79127693418382,-0.23861512255817985
2022-07-27,stable,True,train,Volatile,2,0.07450681267118708,0.9997834597334335,1,58.333517005215214,13.361576104720505,57.961309523809526,15.25297619047619,63.088301306516236,12.187309293229909
2022-07-28,stable,True,train,Volatile,3,0.045753703748791355,0.999987728561906,3,58.867961122465125,-3.6647252036874605,58.845899470899475,-3.81944444444445,63.25235937979167,-1.5654468338481564
2022-07-29,stable,True,train,Volatile,4,0.025817908405630256,0.9987535755967051,4,58.264075787256736,-9.905174554908463,57.96957671957673,-11.408730158730158,61.91438198880866,-14.14362041250451
2022-07-30,stable,True,train,Volatile,5,0.01242230577125309,0.9950236498746224,3,60.5076419478434,18.488942234730743,59.71395502645504,17.83234126984128,62.47725306243035,13.383748294268706
2022-07-31,stable,True,train,Volatile,6,0.010680532926297354,0.9910153936725835,1,64.50665826437721,10.143979751539113,63.82275132275132,11.135912698412689,65.62481876225321,11.891182438569466
2022-08-01,stable,True,train,Volatile,0,0.007891797215459392,0.9918877131207516,1,62.306813472904615,-23.23540741108622,61.590608465608476,-23.33829365079366,65.89972420561357,-15.007517303288544
2022-08-02,stable,True,train,Volatile,1,-0.025476787143033527,0.9974515634976775,1,56.27950455153519,-11.590033478978938,55.86970899470899,-11.656746031746025,61.947318303572196,-7.916166511323951
2022-08-03,stable,True,train,Volatile,2,-0.03736090020819073,0.9995054072930072,1,53.08051183838548,7.14653598650775,52.50496031746032,7.738095238095241,58.78545973919187,1.5808904153474188
2022-08-04,stable,True,train,Volatile,3,-0.04239467909385493,0.9999542103040167,0,54.90574072522977,0.3222060135549327,54.47255291005291,-0.27281746031746223,59.59364232519112,-0.725751839166719
2022-08-05,stable,True,train,Volatile,4,-0.05503737667767916,0.9999980263223424,0,55.8197590224352,0.748999552086488,55.22486772486772,0.6944444444444358,60.36017037324041,3.868993325964901
2022-08-06,stable,True,train,Volatile,5,-0.10009531240029769,0.9999667711656061,0,54.76890242330854,-1.4817204714051044,54.15839947089947,-1.364087301587304,59.75666569484838,-2.6541713778264153
2022-08-07,stable,True,train,Volatile,6,-0.12869971176667142,0.9999997772086064,1,60.845700837713444,15.810546365153357,59.879298941798936,14.632936507936513,69.5342625023482,26.307454439184887
2022-08-08,stable,True,train,Volatile,0,-0.17137974563717812,0.9999978985393257,1,72.08880440224787,37.63088004306976,71.22189153439153,37.92162698412698,79.08021183264594,34.317355352034255
2022-08-09,stable,True,train,Volatile,1,-0.19328283706739133,0.9989723197725726,2,79.14096544125087,1.4443674023891617,78.19113756613757,2.3809523809523796,85.23161241648593,-13.532760048805912
2022-08-10,stable,True,train,Volatile,2,-0.15871394284330786,0.9999920416320308,2,75.15502478121806,-29.876586308548397,74.18981481481482,-31.39880952380952,77.46891146443885,-25.61849640784962
2022-08-11,stable,True,train,Volatile,3,-0.15740049440688833,0.9987955828639198,2,62.296906557378286,-22.09995774545851,61.524470899470906,-20.982142857142854,68.23921099287527,-11.825947814176502
2022-08-12,stable,True,train,Volatile,4,-0.15767821965259166,0.998256521797147,2,60.029810821183254,6.600902173902497,59.23445767195767,7.514880952380949,65.5708495879967,1.7502585926996943
2022-08-20,transition,True,train,Volatile,5,0.002014952172601981,0.5798284580547062,3,67.18079575744974,8.030107962189554,66.40211640211639,9.052579365079367,76.409457385534,2.340393510713028
2022-08-28,stable,True,train,Bearish,6,-0.07635125141403785,0.9999999999999934,3,73.05866882915926,-6.9273647134520075,72.56117724867725,-6.7956349206349245,77.7664420588951,-18.222651636794495
2022-08-29,stable,True,train,Bearish,0,-0.07617083178061035,1.0,2,68.34960056577539,-11.080793620041788,68.05555555555556,-10.466269841269849,69.3259541733742,-13.807798328975352
2022-08-30,stable,True,train,Bearish,1,-0.11822654735108362,0.9999999998665272,2,64.83814373737582,-6.653416941856513,64.77347883597884,-6.101190476190482,65.77540994753804,-3.9426463683012685
2022-08-31,stable,True,train,Bearish,2,-0.08808947549608644,0.9999999999998705,1,58.2074847583653,-12.692136860331928,58.22585978835979,-12.92162698412698,62.58655579006537,-2.4677504526498666
2022-09-01,stable,True,train,Bearish,3,-0.11995909429236139,0.9999999999660858,1,55.342707804001435,-9.14075399793471,55.13392857142858,-9.895833333333329,60.80388145066456,-8.50418866966929
2022-09-09,transition,True,train,Bearish,4,-0.19737160432036358,0.9999311791524422,3,62.88129418273374,-19.24424262503163,62.80588624338625,-19.345238095238088,73.67115862670641,-4.550601140116413
2022-09-21,transition,True,train,Volatile,2,-0.016396106946713843,0.8671509161276524,2,56.39769747823251,-2.453536581265155,55.60515873015873,-3.2738095238095184,66.34711575174745,-23.519326852961477
2022-10-01,transition,True,train,Bearish,5,-0.007306023736144594,0.8276673848037053,1,51.6456031792412,-0.24979264985275762,50.727513227513235,-0.5704365079365132,57.28623591959913,10.578338456203873
2022-10-09,stable,True,train,Sideways,6,-0.19177293065314166,0.9991944468807273,2,73.1000375069231,27.449794108284088,72.52810846560847,28.373015873015873,75.5642189414112,24.479241054096356
2022-10-10,stable,True,train,Sideways,0,-0.2447622140004956,0.9999222170452357,0,86.8161519027977,23.40657338228563,86.66501322751323,23.437500000000014,88.0791474189382,20.250591534719163
2022-10-11,stable,True,train,Sideways,1,-0.2547915651028263,0.9999864347131779,0,89.28174673700623,-2.311239800320351,88.96329365079366,-2.5049603174603163,90.67657138373865,0.6072247381668632
2022-10-12,stable,True,train,Sideways,2,-0.2850194848244259,0.9999949672010711,0,85.37310738776087,-25.424467127075772,85.08597883597884,-25.66964285714286,88.56767793738832,-19.39222471753567
2022-10-13,stable,True,train,Sideways,3,-0.3362493555247758,0.9999973024157587,0,85.33386542893497,15.892063003182372,85.01984126984127,16.344246031746025,88.52843597856243,12.340593763840118
2022-10-14,stable,True,train,Sideways,4,-0.2873402839518186,0.9999828504000485,0,80.73007900674476,-4.396681019154926,80.58035714285715,-4.191468253968253,85.15742095685779,-3.179139987896079
2022-10-15,stable,True,train,Sideways,5,-0.26481036052490603,0.9999940784685919,2,77.3279145060479,-35.513234752688646,77.29828042328042,-35.3174603174603,80.63069841259767,-32.85466647383832
2022-10-16,stable,True,train,Sideways,6,-0.3080940144282304,0.9999986721360793,3,67.74036299054491,0.9407677232440363,67.38591269841271,-0.0744047619047592,75.79422006181062,7.9442037765929
2022-10-17,stable,True,train,Sideways,0,-0.35458980035969523,0.9999911257847375,3,75.9668878701999,30.48938712190059,75.6035052910053,30.307539682539684,82.24669147246989,29.75844187686215
2022-10-18,stable,True,train,Sideways,1,-0.38730763502443083,0.9999848340438352,1,80.27208042809777,6.164997467513928,79.86937830687832,7.217261904761898,87.11095144884077,-3.752451492364571
2022-10-19,stable,True,train,Sideways,2,-0.3832551786752911,0.9999905149811217,0,83.63640505851122,-13.645833024480567,83.50694444444444,-13.81448412698414,87.06705707834583,-11.544893566869789
2022-10-20,stable,True,train,Sideways,3,-0.41410642864427366,0.9999984585067091,0,81.3373906494209,10.676766220936017,80.81183862433862,9.424603174603178,84.28079645086116,6.80688006529553
2022-10-21,stable,True,train,Sideways,4,-0.4325601039821411,0.9999995013178635,0,86.23597657806478,10.767781362205255,85.5406746031746,10.49107142857143,88.51505529440544,9.082008149753108
2022-10-22,stable,True,train,Sideways,5,-0.4433388847279882,0.9999973108000613,0,89.44003281337537,2.8633789087221544,88.59953703703702,3.4474206349206327,91.9416720271857,7.09373851392499
2022-10-23,stable,True,train,Sideways,6,-0.5014771091712903,0.9999975811081204,0,92.54519961246699,5.296508832279201,92.07175925925925,5.654761904761898,94.89154403340105,2.9537195533086873
2022-10-24,stable,True,train,Sideways,0,-0.5175323981269534,0.9999874187673965,0,91.29383895755957,-2.598469308448699,90.97222222222221,-1.9841269841269877,92.88205081115747,-7.226321715318377
2022-10-25,stable,True,train,Sideways,1,-0.5241339389980355,0.9999960008915774,0,89.51215102855588,-11.797185275563862,89.27744708994709,-12.053571428571416,90.63287536431278,-8.503403845255136
2022-10-26,stable,True,train,Sideways,2,-0.49367831288491953,0.9999995885617506,1,85.83038221712074,-1.9947156373040116,85.59027777777779,-2.1081349206349103,86.95110655287765,-2.0631072142659974
2022-10-27,stable,True,train,Sideways,3,-0.49032623104152423,0.9999999998624186,1,82.60111460300551,-6.941208363783161,82.19246031746032,-7.093253968253961,83.69904174644176,-10.234989794091888
2022-10-28,stable,True,train,Sideways,4,-0.46536310603921205,0.9999530402128445,1,72.48021491179249,-31.114577914897573,72.0734126984127,-31.349206349206355,73.79815315679645,-27.160763179885684
2022-10-29,stable,True,train,Sideways,5,-0.4684468226242927,0.9999955842136481,2,60.97624720298452,-26.81881592138228,60.76388888888889,-25.843253968253975,63.1299097052192,-24.311643149690127
2022-10-30,stable,True,train,Sideways,6,-0.4934689728467031,0.9999144015316568,2,57.41138253809544,12.726896715188708,57.34953703703704,13.020833333333329,59.76499674544843,9.37293709553176
2022-10-31,stable,True,train,Sideways,0,-0.5110915207599855,0.9996243877852442,3,59.78238411525742,10.510329943012266,59.70568783068783,9.647817460317455,60.81806007760645,8.003157171320112
2022-11-08,transition,True,train,Sideways,1,-0.5363012302672224,0.9974485605334621,2,63.98229046049793,-12.20809356428245,64.04596560846561,-11.879960317460323,66.17274426188531,-5.678010214238981
2022-11-16,stable,True,train,Bearish,2,0.16101285809922988,0.9999999999445867,1,65.17748211765625,-14.181430766701467,64.93055555555556,-13.566468253968246,65.63702633740083,-12.802798107467723
2022-11-17,stable,True,train,Bearish,3,0.14717693772725637,0.9999999999979784,1,57.98951380137226,-16.874202241918894,57.80423280423281,-16.71626984126985,64.74878167934469,2.02496873276462
2022-11-18,stable,True,train,Bearish,4,0.0965330596159492,0.999999999997582,1,55.217303016972785,1.175095706570005,55.02645502645502,0.5704365079364919,70.6932975345759,25.94664296622834
2022-11-19,stable,True,train,Bearish,5,0.05874673354969589,0.9999999999993294,0,54.9948775587448,6.715197807466481,54.81150793650793,7.167658730158728,78.74826511145551,14.026838597339506
2022-11-27,transition,True,train,Bearish,6,-0.16880607217061672,0.9999951652050341,2,80.69263144246572,35.5243607175691,80.24140211640211,34.87103174603175,82.0813942767109,32.57658405456401
2022-12-05,stable,True,train,Sideways,0,-0.41075161513908465,0.9999999826528073,1,87.33672079889506,22.10027255557712,86.76421957671958,22.891865079365076,88.19509048926722,19.62424067498543
2022-12-06,stable,True,train,Sideways,1,-0.40557328519875396,0.9999999262918111,0,83.18233727664241,-39.20975553472715,82.91170634920634,-39.21130952380953,84.27592119408096,-35.9785423776739
2022-12-07,stable,True,train,Sideways,2,-0.4600782822938958,0.9999999085469496,0,80.35902752185412,-3.8235968519727948,80.11739417989418,-3.621031746031747,81.49976551487856,-3.7316732204774894
2022-12-08,stable,True,train,Sideways,3,-0.4571814200240002,0.9999996632887286,0,74.97308156023375,18.40558523747393,74.76025132275132,18.377976190476204,76.17805530616597,15.416617934406439
2022-12-09,stable,True,train,Sideways,4,-0.47645985924425155,0.9999995388820405,0,84.11249602858912,-3.3215828652961363,83.96164021164022,-3.224206349206341,84.49898525226814,-2.6872855017602006
2022-12-10,stable,True,train,Sideways,5,-0.501606473217041,0.9999989837740667,0,80.25934364634624,0.7747838861597103,80.15873015873017,1.0416666666666572,81.82474623654736,4.210740358497873
2022-12-11,stable,True,train,Sideways,6,-0.5561812407998247,0.9999978457782097,0,87.60628210164732,13.028157198311035,87.58267195767196,13.04563492063491,89.09093607385317,12.252397608017418
2022-12-12,stable,True,train,Sideways,0,-0.5976689750792512,0.9999988451295987,0,91.73593456748245,20.626831678937847,91.71626984126983,20.58531746031747,93.02521827963665,17.1382781627526
2022-12-13,stable,True,train,Sideways,1,-0.6218476365056141,0.9999991496287536,0,89.54770124384375,-27.830731450659627,89.50892857142857,-27.852182539682545,89.80622987971765,-27.244794353176587
2022-12-14,stable,True,train,Sideways,2,-0.5879713750226535,0.9999999055290892,1,77.73952276324805,-34.78533564098139,77.5628306878307,-35.19345238095239,78.55628649851717,-33.300279152934436
2022-12-15,stable,True,train,Sideways,3,-0.5572439692617164,0.9999949443439802,1,69.65263712573629,2.9308747373186463,69.41137566137566,2.752976190476204,70.40618459095919,2.3449376398356065
2022-12-16,stable,True,train,Sideways,4,-0.5239019593872799,0.9999412772494549,2,62.35973201563139,-14.284911339187282,61.55753968253968,-15.575396825396822,64.08051625340464,-12.471969222238755
2022-12-17,stable,True,train,Sideways,5,-0.41565909699070414,0.999966628619207,4,59.651649448372126,-18.648926430223874,58.69708994708995,-19.32043650793652,64.10019297738116,-8.790943258330941
2022-12-18,stable,True,train,Sideways,6,-0.4689737975903344,0.9999509969101454,4,56.83239082667013,16.3518142025274,55.98544973544974,18.1795634920635,61.280934355679165,12.864166787393245
2022-12-19,stable,True,train,Sideways,0,-0.5115412618388112,0.9999962872048632,4,67.46712392180468,25.7435356479942,67.11309523809524,26.388888888888886,70.75311831243567,15.885552476101267
2022-12-20,stable,True,train,Sideways,1,-0.4839810440656352,0.9999992509955904,1,78.41897011886138,22.66438802605215,78.18287037037037,22.02380952380952,78.84731585708026,23.949425240708806
2022-12-21,stable,True,train,Sideways,2,-0.4907731570366617,0.9999058131420437,1,76.11956957185397,-22.450586723898503,75.70271164021163,-22.643849206349195,79.09837103538099,-14.799219547974118
2022-12-22,stable,True,train,Sideways,3,-0.5315033916730294,0.9999881197220155,0,82.28779253020848,11.392665931887606,81.94444444444444,11.904761904761898,85.26659399373547,10.107628717230952
2022-12-23,stable,True,train,Sideways,4,-0.5551686622646657,0.999992628669659,0,80.37161978689143,23.814071437123253,80.20833333333333,24.255952380952387,83.22212744637018,17.062860063710758
2022-12-24,stable,True,train,Sideways,5,-0.5920608104519498,0.9999965558200306,0,93.03723634653295,-2.958405920037393,92.93154761904763,-3.199404761904745,93.51251795866916,-2.432716886140639
2022-12-25,stable,True,train,Sideways,6,-0.6534639485507224,0.9999949229308118,0,92.93154341171034,16.824105357370883,92.83234126984128,16.815476190476176,93.40682502384657,15.923949554858993
2022-12-26,stable,True,train,Sideways,0,-0.7028364530167687,0.9999966403968548,0,97.73621492097975,0.23123628600687596,97.60251322751323,0.39682539682539186,97.92575555055733,-0.25151989305388156
2022-12-27,stable,True,train,Sideways,1,-0.7544911255919055,0.9999902525634875,0,96.98968928526203,-4.880904022722746,96.89153439153439,-5.034722222222214,97.03583746890239,-4.785392326637648
2022-12-28,stable,True,train,Sideways,2,-0.7457314556887388,0.9999948483914755,0,92.56593868729628,-10.861160964334545,92.40244708994709,-10.962301587301596,92.86348506355436,-10.149899241317357
2022-12-29,stable,True,train,Sideways,3,-0.7476375182601943,0.9996303072799093,0,88.17800617625174,-10.692984339973577,87.92989417989418,-10.887896825396822,88.54590385507879,-10.534509273515795
2022-12-30,stable,True,train,Sideways,4,-0.7930831063760944,0.9999548916767321,0,89.65701144577655,12.827363579748933,89.43452380952381,12.94642857142857,89.99307189257523,12.07316900189575
2022-12-31,stable,True,train,Sideways,5,-0.7975654351296878,0.9997973747500596,0,90.85344735322285,5.891944291137989,90.68287037037038,6.2003968253968225,90.98860105295165,5.789431865238683
2023-01-01,stable,True,train,Sideways,6,-0.8318266877052148,0.9926789805751958,0,95.26133470132436,-1.90633810424346,95.18022486772486,-1.9097222222222285,95.3118261468722,-1.90633810424346
2023-01-04,stable,True,test,Sideways,2,-0.9370535405621703,0.9999999234417,0,89.50801440748366,2.35006510638172,89.41798941798942,2.306547619047606,89.54056142298013,2.3994679431648933
2023-01-12,transition,True,test,Sideways,3,-0.9941318515804111,0.9787862090349928,1,67.24005540473884,-7.0325595526022795,67.03042328042328,-5.158730158730165,67.42717618310293,-7.2742699606167776
2023-01-20,stable,True,test,Bullish,4,-0.5357335893947467,1.0,1,54.339726948586424,-7.281264602226166,54.42294973544974,-7.390873015873012,65.73020195134238,17.07716913672921
2023-01-21,stable,True,test,Bullish,5,-0.46669069205640845,1.0,3,54.72733677413856,-1.274985838265465,54.19973544973544,-2.9513888888888857,70.8960226855457,15.803340130261248
2023-01-22,stable,True,test,Bullish,6,-0.44051639885792554,1.0,2,61.65815827089653,30.511544407421944,61.03670634920635,30.183531746031747,77.50076355277268,2.4311755373004758
2023-01-23,stable,True,test,Bullish,0,-0.43002481568809503,1.0,2,66.97205522925795,7.497596796201698,66.17063492063492,8.680555555555557,73.51379674420048,-10.3811934915974
2023-01-24,stable,True,test,Bullish,1,-0.44205779633287995,1.0,0,66.1086453550797,-24.657679951074087,65.78207671957672,-24.62797619047619,66.47698879338375,-25.12130632386986
2023-01-25,stable,True,test,Bullish,2,-0.42863763748181766,1.0,1,61.59342749616791,1.0241999556022847,61.44179894179894,1.7609126984127101,63.252118544183155,4.717465215415302
2023-01-26,stable,True,test,Bullish,3,-0.36661196134695795,1.0,2,59.0252893511252,2.3834119836082905,59.052579365079374,2.6785714285714306,63.151292911202596,10.42675346191109
2023-01-27,stable,True,test,Bullish,4,-0.39472471234046447,1.0,4,65.03677002514816,6.922415647730205,65.27777777777779,7.06845238095238,71.03849446981155,8.21490909955881
2023-01-28,stable,True,test,Bullish,5,-0.37524442178235606,1.0,3,65.53077962779825,10.210643198680607,65.66633597883599,10.094246031746025,73.52097519485568,12.467384289489345
2023-01-29,stable,True,test,Bullish,6,-0.41609321622828077,1.0,2,79.07228725919184,24.973492855720167,79.16666666666667,24.503968253968253,84.8751838661583,20.82777479999207
2023-01-30,stable,True,test,Bullish,0,-0.42007856337444527,1.0,1,78.31333958613047,3.1635438205959048,78.00099206349206,2.4057539682539755,83.82262181393934,-2.3902192322304785
2023-01-31,stable,True,test,Bullish,1,-0.3141943752281625,0.999999999999999,2,76.5566572627362,-35.683926665682954,76.14087301587303,-35.98710317460318,79.14493120901139,-35.62831353920231
2023-02-08,transition,True,test,Bullish,2,-0.4085788410037551,0.9999999423379157,0,78.95746265451034,2.787980269115579,78.5135582010582,2.2817460317460387,82.68728426050261,4.492475802849867
2023-02-15,transition,False,test,Volatile,2,-0.3771728749379369,0.9999999946061916,1,73.71523225840362,6.296636755215985,73.11507936507937,6.597222222222243,77.56645410752583,7.949133577468871
2023-02-27,transition,True,test,Bullish,0,-0.14620098868085155,0.5782900230353919,2,57.598887393002485,2.9240049577730574,56.60548941798942,0.34722222222222143,72.00435071182797,-6.72366559067207
2023-03-05,transition,False,test,Volatile,6,-0.13703132529725467,0.5281169945937597,2,68.3095563330862,-20.864194818163575,67.73313492063492,-19.990079365079367,75.4211606876422,-27.347930592000843
2023-03-13,transition,True,test,Bearish,0,-0.03635469595657938,0.9994116147742066,1,58.39183180664026,-11.492145540363111,57.60582010582011,-12.028769841269856,58.777445345862766,-11.892562653962138
2023-03-17,transition,False,test,Volatile,4,0.0507858561545769,0.9969755102779821,0,59.3195166625462,9.944304889490148,58.99470899470899,9.449404761904773,59.662748489943645,9.944304889490148
2023-03-28,stable,True,test,Bullish,1,0.08492946421824427,0.9999613598137419,0,53.184853026343625,9.70337561492412,52.31481481481482,7.5644841269841265,74.25041127751221,6.779468780069607
2023-04-05,transition,True,test,Bullish,2,-0.06312375464495079,0.732443775995628,0,63.665299229149845,-24.186850562309715,63.52513227513228,-24.35515873015872,71.65658550973716,-18.98218873486732
2023-04-10,transition,False,test,Volatile,0,-0.24791683763824102,0.952349762443967,0,93.29390386739168,-11.515947908804748,93.22089947089948,-11.359126984126988,93.3683159085332,-11.3390292988107
2023-04-20,transition,True,test,Bullish,3,-0.21252471971552422,0.8929255738437508,3,64.12695194605917,-1.440980263374449,64.84788359788361,-0.6696428571428612,67.58883363635645,-1.686561738496863
2023-04-28,stable,True,test,Volatile,4,-0.10751526414187242,0.9997339641942067,3,63.73839113644977,7.4243314232165645,63.03736772486772,7.936507936507944,74.50604630983787,-21.454359839384693
2023-04-29,stable,True,test,Volatile,5,-0.12986043124704885,0.999889724991066,3,62.21185398075607,-8.410280684494765,61.739417989417994,-8.506944444444436,63.424249027891015,-9.738796066242188
2023-04-30,stable,True,test,Volatile,6,-0.17051264782059733,0.9998931945193112,2,62.56012845249325,-2.548838790591361,61.25165343915344,-4.786706349206362,66.60544574557213,7.491354212829634
2023-05-08,transition,True,test,Volatile,0,-0.13949193258542106,0.9329837679307578,5,69.325645553031,27.75128350179699,68.87400793650794,28.397817460317455,74.86573961328288,18.651093208912997
2023-05-12,transition,False,test,Sideways,4,-0.07165889912924293,0.6958006292368272,2,62.3468370042454,-15.714701404361676,61.44179894179894,-14.707341269841265,67.73950703844315,-1.9133991965575632
2023-05-26,transition,True,test,Bearish,4,-0.2382303105090976,0.7956427428924028,0,71.56153866768442,-2.2683258249623037,71.37070105820106,-2.232142857142861,75.51282091063653,-1.0527413575571245
2023-06-03,stable,True,test,Sideways,5,-0.2685698772621974,0.9999536199702543,3,66.65928852787535,31.769526194419093,65.25297619047619,34.42460317460318,76.33773773989368,28.894010952021944
2023-06-04,stable,True,test,Sideways,6,-0.2953984577404231,0.9999781937404045,2,79.10953793388677,45.76220468720062,78.59623015873017,46.7013888888889,87.53710112603174,21.356657927988792
2023-06-05,stable,True,test,Sideways,0,-0.3217960807878501,0.9999839298306961,0,93.96429854934011,4.383299182774564,93.79960317460318,4.5138888888889,94.25667948841443,3.506156365551533
2023-06-06,stable,True,test,Sideways,1,-0.18348369784534113,0.9999907215862861,1,85.52054680937918,-30.91247724349799,85.37533068783068,-30.877976190476204,86.46941324123414,-28.06587794793306
2023-06-07,stable,True,test,Sideways,2,-0.14645230655733632,0.9728297994358537,2,75.6723792000261,-28.346579987218576,75.55390211640211,-28.373015873015888,76.62124563188108,-28.346579987218576
2023-06-08,stable,True,test,Sideways,3,-0.08493310167338915,0.998504478978617,2,61.92367457591782,-11.5315594696675,61.698082010582006,-11.780753968253961,65.13644053410475,-7.586460186236543
2023-06-09,stable,True,test,Sideways,4,-0.11753599252543274,0.9996708857120766,1,58.850229964597226,-10.588308249400555,58.548280423280424,-10.863095238095234,70.57855946898839,17.804981684777047
2023-06-10,stable,True,test,Sideways,5,-0.1472911358282115,0.9998060326233358,1,60.18857694389999,16.91457482301456,58.771494708994716,13.864087301587304,80.60827640977288,36.19698612846387
2023-06-11,stable,True,test,Sideways,6,-0.10084288054519759,0.9998865162539766,1,61.85589930400423,2.6907414446070277,60.5489417989418,3.0009920634920633,83.04857190594667,-16.59193050236607
2023-06-12,stable,True,test,Sideways,0,-0.13030549188803048,0.9996576499469441,1,69.50825943890374,8.353731217389637,68.12169312169313,11.185515873015873,82.49643291034528,-13.94058612438063
2023-06-13,stable,True,test,Sideways,1,-0.15725800595117126,0.9980204472611983,0,74.03123427803921,25.48153226010828,73.74338624338624,25.3968253968254,80.92763860438566,24.169716722063697
2023-06-14,stable,True,test,Sideways,2,-0.16484493133506772,0.9922344706757704,0,80.42943986291277,-1.0717222054707776,79.85284391534391,-1.3888888888888857,86.66868815026028,2.2876351220619853
2023-06-22,transition,True,test,Sideways,3,-0.10074714424468238,0.9799462028213947,2,77.99120155555863,11.75662189948305,77.3809523809524,12.177579365079367,81.2852431936504,6.868905969499011
2023-06-30,stable,True,test,Bullish,4,-0.18134868153947797,0.9999999999970733,1,70.4931352001299,3.127885298160791,69.27910052910053,6.374007936507937,78.39851033407336,-1.798281757239792
2023-07-01,stable,True,test,Bullish,5,-0.12225668802612379,0.9999999999995558,1,65.9075516470081,-8.766262194256193,65.89781746031746,-7.9613095238095255,74.8429475763819,-7.379485591310882
2023-07-09,transition,True,test,Bullish,6,-0.2264001792354007,0.994800490724596,0,76.86692125148409,36.199815157371475,76.65343915343915,36.13591269841271,80.00057258884294,30.428613945801658
2023-07-24,transition,True,test,Volatile,0,-0.38133708975344893,0.9996073136088793,0,92.72304992121417,-3.380181270826853,92.41071428571429,-2.9513888888888857,93.73986213521107,-1.1722250091048636
2023-08-01,transition,True,test,Bearish,1,-0.5113403748153263,0.9966844755983664,0,91.98669424805519,-7.927780968254467,91.6501322751323,-8.085317460317455,92.83058422363536,-6.75879322178946
2023-08-09,stable,True,test,Sideways,2,-0.49773791907951526,0.9999969135286353,0,87.27282534691449,-18.825883258891153,87.0866402116402,-18.551587301587304,88.76736822131188,-16.93312682295482
2023-08-10,stable,True,test,Sideways,3,-0.47365567105989353,0.9999955342968851,1,74.3570952155355,-35.241837740502234,74.42956349206348,-33.92857142857142,76.61507580197143,-34.96453124604676
2023-08-18,transition,True,test,Sideways,4,-0.1927132575277835,0.8738833823121351,1,85.4397362317523,-27.211747928936916,84.48247354497354,-28.993055555555557,85.67149139702393,-27.32273681899754
2023-08-26,stable,True,test,Bearish,5,-0.2007583661790143,1.0,3,53.55968369426125,6.224389995754898,53.15806878306878,6.6964285714285765,77.3211163119732,12.102668651301883
2023-08-27,stable,True,test,Bearish,6,-0.25777966945908315,1.0,2,68.89325028049717,50.895951743130375,68.65906084656085,51.388888888888886,85.59477353060363,27.8493887511745
2023-08-28,stable,True,test,Bearish,0,-0.31083137250550597,1.0,1,83.76619518056872,33.499192720037115,83.68055555555556,33.48214285714286,92.86559248807889,6.68137112584067
2023-08-29,stable,True,test,Bearish,1,-0.33764204364724415,1.0,0,92.10474248230719,-14.760667857737445,91.83201058201058,-15.35218253968253,92.62694092717267,-13.434257687308019
2023-08-30,stable,True,test,Bearish,2,-0.22426529855826513,0.9892186467392723,1,86.47215213612428,-10.620653995633006,86.16898148148148,-10.664682539682545,87.65486355543997,-8.879300236449396
2023-09-07,transition,True,test,Bearish,3,-0.20170837882021012,0.9302255476950992,0,95.44485827402623,-4.97373448045056,95.18022486772486,-4.985119047619037,97.17909781322237,-0.053035813014247424
2023-09-15,stable,True,test,Sideways,4,-0.1794622012738719,0.9995627249726983,4,62.75484895217352,6.2829615097723845,63.12830687830688,4.191468253968239,68.08902258191075,3.994475877347732
2023-09-16,stable,True,test,Sideways,5,-0.1872821360011934,0.9995392251630782,1,60.840228256166604,-7.630686499378662,60.51587301587301,-8.06051587301588,65.25266957536228,-19.06744724744585
2023-09-17,stable,True,test,Sideways,6,-0.225436548262806,0.9994949787864286,1,70.10452228386659,23.39674498468554,69.9156746031746,24.231150793650812,70.557615363671,22.478749715378882
2023-09-18,stable,True,test,Sideways,0,-0.2689653987704292,0.999485452660343,1,80.59360184600207,43.494062284199536,80.53075396825396,43.87400793650794,80.74069650270427,43.052778314092954
2023-09-19,stable,True,test,Sideways,1,-0.23803355073251,0.9999826412930496,2,84.13288079936042,-24.805731722403593,84.01951058201058,-25.793650793650812,85.71851049115969,-20.048842647005813
2023-09-20,stable,True,test,Sideways,2,-0.24098171214934386,0.9999997159511453,1,76.26027264943798,-31.688318151488218,75.85152116402116,-32.11805555555556,77.85228554164553,-31.66916855026338
2023-09-21,stable,True,test,Sideways,3,-0.24893342578937472,0.9999886845815997,3,63.048600809004036,-6.7587900971773465,62.95469576719575,-5.282738095238095,66.63209625701379,-5.541231505168511
2023-09-22,stable,True,test,Sideways,4,-0.21613204258484234,0.9997820797246707,2,66.29137610371448,8.540418611495099,66.44345238095238,9.176587301587304,69.39365085537342,11.834495996615587
2023-09-23,stable,True,test,Sideways,5,-0.2582239823389928,0.9999014304766007,2,75.21720443727212,34.72418237048645,75.37202380952381,33.35813492063493,78.31309598852276,28.749734703079838
2023-09-24,stable,True,test,Sideways,6,-0.31664082881759387,0.999933759088656,0,88.4930416042189,23.340395519531697,88.34325396825398,23.164682539682545,89.59745059966735,20.02716853318637
2023-09-25,stable,True,test,Sideways,0,-0.3052555860346928,0.9999948300666145,0,94.53925151225172,-0.09843666507931914,94.27083333333333,0.17361111111111427,95.38620333300929,2.4424187971933833
2023-09-26,stable,True,test,Sideways,1,-0.32713101142210566,0.9999904525009561,0,85.44618325660129,-32.38253389730524,85.06944444444446,-33.15972222222223,88.05698747324357,-27.090976709651073
2023-09-27,stable,True,test,Sideways,2,-0.3600814178458533,0.9999969027882242,0,85.49102871873941,5.336302181847657,85.11904761904763,5.5307539682539755,88.10183293538171,2.7954467195749544
2023-09-28,stable,True,test,Sideways,3,-0.3484628448715163,0.9999577230550075,2,78.85067021745029,7.259692598004548,78.57969576719579,8.159722222222229,82.13089868334167,6.517263620370358
2023-09-29,stable,True,test,Sideways,4,-0.32848379056235316,0.9998626783060364,2,83.02648883345739,-19.989614435698314,82.97784391534393,-20.11408730158732,86.45668727234325,-14.248147329060671
2023-09-30,stable,True,test,Sideways,5,-0.3287012125659786,0.9999410614799709,3,69.1431629292132,-16.392600027017444,69.27910052910052,-15.947420634920633,74.81386781394453,-14.220208899501102
2023-10-08,transition,True,test,Sideways,6,-0.2931637220627474,0.8050494035644119,0,76.47429796381772,18.52707602568067,75.82671957671958,18.998015873015873,80.40502663144882,16.696225880983462
2023-10-11,transition,False,test,Bullish,2,-0.31286209161418227,0.7344469522249112,0,83.90001373793727,-5.788025219085355,83.35813492063492,-6.423611111111114,87.04780719599948,-5.0725612476873465
2023-10-17,transition,False,test,Volatile,1,-0.17993689556189726,0.9275871518209059,1,79.42854040791406,-37.911376888022545,79.19146825396825,-38.169642857142854,81.72200912624665,-35.680351342643014
2023-10-25,stable,True,test,Bullish,2,0.10502394365020039,1.0,0,63.53085902670258,-6.262552302747885,63.17791005291005,-5.778769841269835,64.3344207705399,-8.673237534259833
2023-10-26,stable,True,test,Bullish,3,0.10341039856084187,1.0,0,70.58256850379779,3.185187967711684,70.17195767195767,2.901785714285708,70.58256850379779,3.185187967711684
2023-10-27,stable,True,test,Bullish,4,0.10529551743401484,1.0,0,60.876854093291854,-4.8846504651959535,60.25132275132276,-5.902777777777779,60.876854093291854,-4.8846504651959535
2023-10-28,stable,True,test,Bullish,5,0.09208282848839477,1.0,0,58.60288827910034,-34.239578176608035,58.02744708994709,-33.432539682539684,58.621696704498554,-34.183152900413425
2023-10-29,stable,True,test,Bullish,6,0.053003026869993045,1.0,0,50.80547151603022,8.910080910019069,50.1984126984127,9.176587301587297,51.11294984561985,9.776090622593351
2023-10-30,stable,True,test,Bullish,0,0.019187661595434728,1.0,2,56.292330032419194,18.397822526545525,55.59689153439154,16.964285714285715,59.957942566554095,28.415799863986713
2023-10-31,stable,True,test,Bullish,1,-0.00014666434935438374,1.0,2,58.034529181731905,-5.620730439459521,57.051917989417994,-5.580357142857139,64.08302517720152,0.7183355081649552
2023-11-01,stable,True,test,Bullish,2,-0.031187775031612505,1.0,4,63.78489551745637,9.700604368025495,62.24371693121693,8.556547619047613,73.11128023202782,10.325877624269523
2023-11-02,stable,True,test,Bullish,3,-0.025602035919119963,1.0,2,68.39694609104139,27.00737679936244,67.20403439153439,27.480158730158735,76.32244794725824,25.67405517773569
2023-11-03,stable,True,test,Bullish,4,0.02497903231743026,1.0,4,72.1084980820076,-11.737173473734245,70.65972222222223,-10.788690476190467,78.16807268265556,-20.829555450122015
2023-11-04,stable,True,test,Bullish,5,0.010111091360468005,1.0,2,65.59056856678346,-23.689335898401936,64.89748677248677,-23.611111111111114,69.91513738464063,-24.066431415466525
2023-11-05,stable,True,test,Bullish,6,-0.028665375517720932,1.0,2,59.88029990391453,-1.2580851621430256,59.25925925925926,0.19841269841268883,74.1939935629557,32.97374950648894
2023-11-06,stable,True,test,Bullish,0,-0.03718123614794718,1.0,1,60.28954929076624,9.044363232493282,60.66468253968253,10.714285714285708,78.52649207505796,16.92674598022957
2023-11-07,stable,True,test,Bullish,1,-0.07350166956342288,1.0,1,69.10810273365603,19.89713041887419,69.31216931216932,19.246031746031754,88.63591616520932,-6.574727679957633
2023-11-08,stable,True,test,Bullish,2,-0.06092355939967678,1.0,1,76.28761524916514,19.052704223829238,76.19874338624338,16.641865079365076,84.82182745616939,8.533987843062349
2023-11-09,stable,True,test,Bullish,3,-0.06908911227335321,1.0,0,80.6033035080947,-4.464232319387378,80.2744708994709,-3.0009920634920633,86.33157354437657,-8.872288025602984
2023-11-10,stable,True,test,Bullish,4,-0.008221011657913219,1.0,1,77.01712971606709,-12.399928503736035,76.86011904761905,-11.656746031746025,79.80251921880343,-14.719624529557223
2023-11-11,stable,True,test,Bullish,5,-0.021308162148387544,1.0,1,74.34308275212396,-1.9165014447887785,74.19808201058201,-3.5714285714285694,76.38375736020431,-6.251535997356569
2023-11-12,stable,True,test,Bullish,6,-0.042089065725443645,1.0,1,68.81372399462857,-10.2937872157907,68.61772486772487,-9.499007936507937,69.7055856701964,-9.319640118907294
2023-11-13,stable,True,test,Bullish,0,-0.08101870829451531,1.0,1,69.03036952441742,-3.7278510225401646,68.58465608465609,-3.7698412698412795,70.83019229126973,-1.0895190905398806
2023-11-14,stable,True,test,Bullish,1,-0.06440869596774138,1.0,1,70.54932208614389,19.228432512876793,69.95701058201058,17.286706349206355,74.9885843555312,26.258155265451585
2023-11-15,stable,True,test,Bullish,2,0.016310699876961963,0.999999999951284,2,69.82405650571262,-13.119520546451021,69.02281746031746,-12.202380952380949,75.17116237672263,-12.145725918552984
2023-11-16,stable,True,test,Bullish,3,0.041704512591865577,0.9999999999999998,2,65.61347481597869,-20.91645377692138,64.88095238095238,-20.312500000000007,69.92369242198477,-29.307105147537897
2023-11-17,stable,True,test,Bullish,4,0.15287191258997207,0.999986248643428,4,58.17492247699946,-0.9114277627670546,58.42427248677249,0.7192460317460387,60.32762185430263,-3.077790501169133
2023-11-18,stable,True,test,Bullish,5,0.11915073294096427,0.99999367156279,3,58.27580878200852,-0.1851165622220705,58.399470899470906,0.1488095238095326,60.69913570451083,4.711225496285209
2023-11-19,stable,True,test,Bullish,6,0.08485772487236419,0.9999970414007926,2,57.85757585599844,0.14450446198603117,58.25066137566139,-1.3888888888888928,71.13432651867079,30.78667899798839
2023-11-20,stable,True,test,Bullish,0,0.05527630343138452,0.999999845853326,1,59.033197361888284,2.312777839875338,58.74669312169312,2.2817460317460245,81.35214345053465,26.461118743797883
2023-11-21,stable,True,test,Bullish,1,0.04278120257920654,0.9999999883365979,2,58.91116966230985,0.7034991170728802,58.99470899470899,1.3392857142857153,82.07297160480738,-24.431862483376506
2023-11-22,stable,True,test,Bullish,2,0.12785714936675102,0.8439985938026231,3,58.230977085251475,-5.422937786858654,58.24239417989418,-5.133928571428569,70.89298897765508,-33.40671967906012
2023-11-23,stable,True,test,Bullish,3,0.13343850327666054,0.9920315155056357,2,55.829959232287045,-4.524192620282648,55.86970899470899,-5.580357142857139,60.82278267805492,-5.9119846178207425
2023-11-24,stable,True,test,Bullish,4,0.10598338954547168,0.9990517263961153,1,53.95801397252958,-2.871758931024381,53.827711640211646,-2.529761904761905,64.37350285652853,19.76024593350124
2023-11-25,stable,True,test,Bullish,5,0.08664522350852137,0.9997146536355394,1,56.06086977009536,8.088683164731968,56.2665343915344,9.300595238095227,72.18679301745652,20.24376970252431
2023-11-26,stable,True,test,Bullish,6,0.02816138172261182,0.999946987635329,1,58.57810115207124,8.643337304917402,58.74669312169311,7.9861111111111,73.17229898904213,-13.607627238484767
2023-11-27,stable,True,test,Bullish,0,0.0036599509664583243,0.9992848240010133,2,65.05946089468613,10.263752904122917,64.40972222222221,7.142857142857153,73.18863869773752,-3.6306054231965703
2023-11-28,stable,True,test,Bullish,1,-0.009324568353960613,0.9735891845015601,1,64.96507562830597,0.2538332196638464,63.54993386243385,-0.7192460317460245,71.18495971314464,11.27621483398886
2023-11-29,stable,True,test,Bullish,2,-0.0009105358041987275,0.9992132457603746,2,66.50132730339864,-6.19198689764923,65.07936507936508,-4.414682539682545,73.85004055923942,-5.661403826286573
2023-11-30,stable,True,test,Bullish,3,-0.019734260680758533,0.9999251211918214,1,62.951643992565714,-0.10214122923537161,62.07837301587301,0.7192460317460387,69.22759582104604,-11.48690268399811
2023-12-01,stable,True,test,Bullish,4,-0.04786482295951466,0.9998371132346117,3,62.56651869107659,-5.510297710081538,60.830026455026456,-9.052579365079367,68.73252593074795,1.7957626248103082
2023-12-02,stable,True,test,Bullish,5,-0.056731551343169984,0.9999998435847387,2,60.13320178454245,-2.842887684752867,58.62268518518519,-2.033730158730158,66.37992688583189,1.1481332535454172
2023-12-03,stable,True,test,Bullish,6,-0.08038655674304479,0.9999999982217888,3,62.17074250835486,7.165856846669222,61.25165343915344,12.351190476190482,68.056226451572,-4.972794315883618
2023-12-04,stable,True,test,Bullish,0,-0.10331439297533776,0.9999999999989825,1,64.21083228284856,7.909922333001973,64.55026455026456,7.465277777777779,66.06756287838579,2.8875690399998533
2023-12-05,stable,True,test,Bullish,1,-0.07258648406244692,0.9999999999998853,1,72.53878210932345,16.028339623234558,72.61904761904763,14.285714285714292,72.65470276129078,15.880654205040116
2023-12-06,stable,True,test,Bullish,2,-0.017274071499601282,0.9999999999999999,0,75.23219404891856,9.125823341973458,74.66931216931219,8.606150793650798,75.29888622815442,8.925746804265899
2023-12-07,stable,True,test,Bullish,3,-0.030978133827885893,1.0,0,76.3753320343432,-13.644513190148729,75.66964285714288,-13.740079365079367,76.387711952284,-13.607373436326341
2023-12-08,stable,True,test,Bullish,4,-0.024394672108398654,1.0,0,65.99604449718963,-23.18975880701153,65.49272486772487,-22.395833333333343,66.82771984446428,-20.731872519009954
2023-12-09,stable,True,test,Bullish,5,-0.028886213683034623,1.0,0,61.74971473474665,-7.042579901629438,61.43353174603175,-6.572420634920633,62.71062334422811,-6.69201986883138
2023-12-10,stable,True,test,Bullish,6,-0.04923803900959314,1.0,0,58.68732513832874,8.306180632058307,58.64748677248678,8.432539682539677,60.04603898709515,7.078849815733932
2023-12-11,stable,True,test,Bullish,0,-0.09678162023805217,1.0,0,61.30033983701271,-2.6117254236306593,61.235119047619044,-2.45535714285716,61.94256724515577,-2.6909982441195623
2023-12-12,stable,True,test,Bullish,1,0.08872987398505532,0.9999989319777006,2,60.89604168654167,0.9316944362111244,61.07804232804233,1.3144841269841336,62.044294020806944,1.6069135295210302
2023-12-13,stable,True,test,Bullish,2,0.08272387313608358,0.9999990237939862,2,62.10924346056296,4.106741858070251,62.11970899470899,3.7946428571428754,62.912564617019974,3.9940768301911547
2023-12-14,stable,True,test,Bullish,3,0.12334439104272645,0.9999998487081561,2,64.24265106143362,5.001391830394496,64.08730158730158,3.918650793650798,64.94316322918014,3.095617265407391
2023-12-15,stable,True,test,Bullish,4,0.14162791634677208,0.9999997989365851,1,60.55255747967561,-13.778191631126766,60.31746031746032,-13.12003968253969,63.64289741424354,-4.898695703927864
2023-12-16,stable,True,test,Bullish,5,0.1604389029492031,0.9991348023920253,1,56.100053919276256,-15.650991625739827,55.85317460317461,-15.500992063492063,63.815000225259155,-1.5814105732424792
2023-12-24,transition,True,test,Bullish,6,0.04703051406506455,0.99602828989222,2,62.50576062755838,-2.8098058751081965,61.739417989417994,-3.720238095238102,70.26063384410725,19.763598120377125
2024-01-01,stable,True,test,Volatile,0,0.0630742542786086,0.9999935023989719,5,55.719481201390806,7.226789679948027,56.018518518518526,4.761904761904759,71.6522866569535,20.03776336915152
2024-01-02,stable,True,test,Volatile,1,0.0455153720158621,0.9156858821800157,4,63.466439936834114,24.572335022568147,63.58300264550265,23.983134920634917,77.721009205587,20.409420950871223
2024-01-03,stable,True,test,Volatile,2,0.03942076181473541,0.7443293208434514,2,72.75647263431816,19.3118495962659,72.0816798941799,19.444444444444443,83.31728038084664,-5.452203148343315
2024-01-04,stable,True,test,Volatile,3,0.23225141984012407,0.9999998465628905,2,71.7695201252761,-18.97494405350811,71.27149470899471,-20.36210317460317,74.07564362360151,-25.893314548484355
2024-01-05,stable,True,test,Volatile,4,0.21195118919671857,0.9999664160729443,2,66.22268253035593,-19.938275854644502,65.14550264550265,-19.890873015873005,66.36567338823806,-19.50930328099807
2024-01-06,stable,True,test,Volatile,5,0.21821042005810476,0.999965456063953,2,59.88342442701173,3.2549328133595097,58.870701058201064,3.0505952380952337,60.303557423401664,4.086359228882884
2024-01-07,stable,True,test,Volatile,6,0.18256594198734183,0.999996573106762,1,58.396781233788886,-6.794360848416119,57.74636243386243,-5.357142857142868,67.5705206644479,19.037485880744683
2024-01-08,stable,True,test,Volatile,0,0.14970197618971698,0.9999973263569977,1,59.31652076899295,1.838717061000274,59.317129629629626,3.6458333333333286,78.40505799073959,31.180656592386185
2024-01-09,stable,True,test,Volatile,1,0.1830793571742207,0.9996659102294004,2,56.11107522538297,-1.9014742378018994,56.01025132275132,-3.49702380952381,77.96637287152093,-19.03058585191176
2024-01-10,stable,True,test,Volatile,2,0.25484731702628377,0.9992923678712201,2,62.42553967689127,9.389813900496563,61.9212962962963,7.663690476190482,75.52723088876014,-20.783552046412723
2024-01-11,stable,True,test,Volatile,3,0.29628247271870667,0.9987855772508247,2,60.355745200211885,5.245670261792085,59.98677248677249,7.762896825396837,64.40632271013253,-0.8660125858407568
2024-01-12,stable,True,test,Volatile,4,0.3489178981158178,0.9994409617235521,1,67.40722860435925,0.30958262011530735,67.54298941798942,1.4384920634920633,68.68254552082266,1.1155085284409978
2024-01-13,stable,True,test,Volatile,5,0.520734523456914,0.9999999833027243,2,64.70733859777476,7.4995273107812395,65.07109788359789,6.05158730158729,65.99278359534419,4.509886713034788
2024-01-14,stable,True,test,Volatile,6,0.470711650327589,0.9999999389405796,1,65.4401440214883,-13.710363679509427,65.2612433862434,-14.335317460317455,65.8494108782707,-14.12479916913167
2024-01-22,transition,True,test,Volatile,0,0.2786696479981721,0.9766126550752745,1,58.2071730463774,9.559143435115807,57.75462962962962,8.779761904761891,82.62067687374305,38.19505328541967
2024-01-28,transition,False,test,Bearish,6,0.1887242625328165,0.8338823495138156,1,58.55634172567857,5.526991430803626,58.548280423280424,5.927579365079374,75.06406112419751,-20.342739186284405
2024-02-04,transition,False,test,Volatile,6,0.029093894912096283,0.6909697888043527,2,61.26556321456547,20.981136580945687,60.209986772486765,21.478174603174594,79.8563902856086,35.301785299052995
2024-02-09,transition,False,test,Sideways,4,-0.08148313567272616,0.9810906784025373,1,79.9288033848287,-2.691089372305683,79.34027777777779,-2.256944444444443,83.17290579698732,-11.471386529403617
2024-02-17,stable,True,test,Bullish,5,-0.06464880118549453,1.0,0,67.40159923030205,-19.834703444919093,66.4021164021164,-19.444444444444443,68.30004835136106,-17.13935608174208
2024-02-18,stable,True,test,Bullish,6,-0.05161802798160268,1.0,1,59.50133735005081,-18.471876916718223,58.75496031746032,-16.81547619047621,61.427028484630476,-15.390150876156241
2024-02-19,stable,True,test,Bullish,0,-0.07692161859314232,1.0,3,55.094396735937295,1.3849728785430386,55.02645502645502,2.132936507936499,67.31695259978234,29.580219703162157
2024-02-20,stable,True,test,Bullish,1,-0.1048719474248917,1.0,3,64.37571923433859,31.710049691038527,64.68253968253968,32.46527777777778,78.7450617668821,37.76403101974897
2024-02-21,stable,True,test,Bullish,2,-0.08109379669704342,1.0,2,69.40341410713164,9.832029544001436,69.40310846560845,8.531746031746032,84.16149920806713,-16.81061089805678
2024-02-22,stable,True,test,Bullish,3,-0.06508021933605798,1.0,1,68.66978695927226,-28.659876060238936,68.08862433862434,-30.778769841269835,76.91524896462565,-26.442858528461556
2024-02-23,stable,True,test,Bullish,4,-0.07420001600324959,1.0,1,58.055613135077174,-15.21555639992588,56.74603174603175,-15.72420634920634,68.99213654239617,-2.254618570494543
2024-02-24,stable,True,test,Bullish,5,-0.08464018738932441,0.9999999999990863,2,57.99938267384715,11.864219603889488,56.82043650793651,12.69841269841271,70.97539176028316,10.877905485928665
2024-02-25,stable,True,test,Bullish,6,-0.11847603441751323,1.0,1,69.14514836796631,36.6199424947038,68.2126322751323,37.42559523809524,79.43780669212622,22.713723533755996
2024-02-26,stable,True,test,Bullish,0,-0.1587665447630409,1.0,1,79.75779571613587,16.79107702827288,79.26587301587303,17.21230158730158,84.40831775445774,6.707148962839042
2024-02-27,stable,True,test,Bullish,1,-0.08750835931854249,1.0,1,85.84515208626583,-3.31100836807812,85.34226190476191,-3.249007936507951,87.93258334517179,-3.93654253745828
2024-02-28,stable,True,test,Bullish,2,-0.06631550445043667,1.0,1,83.8736065632066,-1.132636118982603,83.16798941798942,-2.256944444444457,84.86014695070541,-1.4151188366377454
2024-02-29,stable,True,test,Bullish,3,0.052202043434782026,0.9999999999999997,1,78.21921843560166,-18.43415646493176,77.18253968253968,-18.973214285714278,79.11159791721542,-21.11129490977305
2024-03-01,stable,True,test,Bullish,4,0.11273571669397159,0.9999999999999727,0,66.53721411302293,-32.44238476663664,65.4431216931217,-31.944444444444436,66.53721411302293,-32.44238476663664
2024-03-02,stable,True,test,Bullish,5,0.09672117350678872,1.0,0,60.86916325536995,-1.173624309126751,59.81316137566139,-1.1904761904761898,60.8833793945032,-1.1309758917270045
2024-03-03,stable,True,test,Bullish,6,0.05892160772846634,1.0,0,55.8777460354124,1.6376048429318075,55.15873015873016,2.2817460317460316,56.19957124321019,2.5604320489254206
2024-03-04,stable,True,test,Bullish,0,0.033965140848806426,1.0,0,60.15446039269222,-2.6080891218382263,59.598214285714285,-1.7361111111111072,61.4964925720343,0.40988337539486963
2024-03-05,stable,True,test,Bullish,1,0.08611053391020472,1.0,0,66.69775737455086,33.4305182963218,66.31944444444446,32.93650793650794,68.02557341475968,32.50769109032819
2024-03-06,stable,True,test,Bullish,2,0.3589682327657689,0.9999999999999923,1,67.87415936252891,-7.663332264973512,67.45205026455027,-7.638888888888886,68.8943663340732,-10.723953179606355
2024-03-07,stable,True,test,Bullish,3,0.36847603835228254,1.0,1,63.87227739822497,-34.24362596032595,63.58300264550265,-33.50694444444444,63.87227739822497,-34.24362596032595
2024-03-08,stable,True,test,Bullish,4,0.34207825892619487,1.0,1,54.38362862331607,1.4353660076609387,54.19146825396826,1.364087301587297,54.38364316760067,1.4354096405147203
2024-03-09,stable,True,test,Bullish,5,0.3432946858133252,1.0,2,54.914030756044305,5.933520026123006,54.745370370370374,5.629960317460309,56.73742522863557,11.40365981104302
2024-03-10,stable,True,test,Bullish,6,0.28319169384536125,1.0,3,60.31565268913948,10.427186163686294,59.12698412698413,7.8125,65.85957560981565,21.588727875087244
2024-03-11,stable,True,test,Bullish,0,0.245876904736425,1.0,4,59.459698313285166,-2.7237035180867295,58.29199735449735,-2.8025793650793602,68.75098594044613,3.0482944493014372
2024-03-19,transition,True,test,Bullish,1,0.49797278617880414,0.9999128754082792,1,59.72819156960733,-11.48840740453737,59.47420634920636,-11.706349206349216,60.09710607432757,-12.595150918698081
2024-03-27,stable,True,test,Volatile,2,0.5481755747154469,0.9999463942932677,2,65.4711232598429,1.665053553953456,65.21990740740742,0.42162698412698774,65.57807006307132,1.6502619216228283
2024-03-28,stable,True,test,Volatile,3,0.5466183048920588,0.9999906031246751,1,61.8239397885911,-12.974528289093364,61.44179894179896,-12.599206349206355,61.92595604770932,-13.280577066448025
2024-03-29,stable,True,test,Volatile,4,0.5052045761821516,0.9998971078354854,0,62.71573818283965,3.043319504130139,62.3181216931217,3.4722222222222143,62.71573818283965,3.043319504130139
2024-03-30,stable,True,test,Volatile,5,0.4824304255458171,0.9999643509316357,1,59.366419747500515,2.558648661691457,59.05257936507937,1.959325396825399,61.11436667985501,7.802489458754955
2024-03-31,stable,True,test,Volatile,6,0.42852863975034877,0.9999547557432581,1,61.96324090487147,-7.85945999972612,61.64021164021164,-7.465277777777786,75.4230302234006,27.276067158797773
2024-04-01,stable,True,test,Volatile,0,0.36985131746144567,0.9992894609546514,2,58.76444590364508,3.494889806468386,57.919973544973544,2.1081349206349174,81.79542776740405,26.9646266450944
2024-04-02,stable,True,test,Volatile,1,0.39090558097033656,0.9999142593468598,2,58.10899755770195,-7.198159848250846,57.09325396825397,-8.283730158730151,80.77435965677333,-38.186705503774014
2024-04-03,stable,True,test,Volatile,2,0.49112221049196114,0.9999999990762755,3,57.691837877835006,0.485445964352202,56.6468253968254,2.356150793650805,68.78398635266214,-27.81224538554614
2024-04-04,stable,True,test,Volatile,3,0.4618516540657665,0.999999998780764,2,61.45549737443756,16.75221333410552,60.46626984126985,16.046626984126988,62.97645330403486,12.605231831104796
2024-04-05,stable,True,test,Volatile,4,0.4426640378236629,0.9999991022979013,2,64.03566005823556,1.7938072427439522,63.227513227513235,1.3392857142857153,64.31836043812181,1.810135810820384
2024-04-06,stable,True,test,Volatile,5,0.43928113491227716,0.9999999246613067,1,62.1901253624296,-16.34213661287339,61.42526455026456,-14.508928571428577,62.7340487040826,-15.142581441781978
2024-04-07,stable,True,test,Volatile,6,0.3991368783377577,0.9999987545438873,1,55.20295680445236,-11.949780391220145,54.98511904761906,-11.55753968253969,66.28429855007963,19.23025996683503
2024-04-08,stable,True,test,Volatile,0,0.352664696700947,0.9999950388763433,2,52.259050779649876,-1.5013067442456105,52.57936507936508,-0.47123015873015817,69.37982215597374,15.849641830620406
2024-04-09,stable,True,test,Volatile,1,0.3334979392765327,0.9999480320310601,3,57.319091446165544,19.799491060605305,57.44874338624339,19.41964285714287,76.42520572382791,-4.657180276210553
2024-04-10,stable,True,test,Volatile,2,0.3759356685834291,0.9999994913989989,4,57.55732098725278,-2.4033736935510106,57.70502645502646,-3.5714285714285694,66.85528041751624,-18.76608676978241
2024-04-11,stable,True,test,Volatile,3,0.36371623340880077,0.9999975635474659,2,56.68442515489369,-19.300116240869883,56.374007936507944,-19.07242063492064,60.91141116717986,-23.11811662395123
2024-04-12,stable,True,test,Volatile,4,0.33855988994991815,0.99999984299974,1,52.44849452866913,6.377010558669937,52.05853174603175,5.7043650793650755,55.09033454334473,6.5893657712191285
2024-04-13,stable,True,test,Volatile,5,0.4458237799338526,0.9973761303247841,0,54.68667489236682,6.9298548946193534,54.083994708994716,6.498015873015866,61.2910441055916,17.66764966796736
2024-04-14,stable,True,test,Volatile,6,0.5737344145512583,0.8895567178288927,1,59.71785557124534,8.501217674439353,59.0029761904762,8.630952380952394,66.0785128476442,8.707519473711912
2024-04-15,stable,True,test,Volatile,0,0.5464624690122873,0.9324224255083909,1,59.76221982654977,-0.20443776650988355,59.31712962962964,0.5704365079365061,65.32282847552355,-14.279816031883456
2024-04-16,stable,True,test,Volatile,1,0.5980956545187638,0.9872406322870514,1,58.719466438291015,-11.291947306792459,58.55654761904762,-10.540674603174615,59.58828233214027,-13.898394988340236
2024-04-17,stable,True,test,Volatile,2,0.5713544595915224,0.9975195025631828,0,59.572717423523585,10.927877864223802,59.23445767195767,9.722222222222229,59.572717423523585,10.927877864223802
2024-04-18,stable,True,test,Volatile,3,0.6328603894925141,0.9990397713910875,0,61.790585640527645,9.577427049278555,60.88789682539683,7.812500000000007,61.790585640527645,9.577427049278555
2024-04-19,stable,True,test,Volatile,4,0.5895542571195002,0.995830551351601,0,62.368582053803294,-12.117711022663222,61.226851851851855,-11.557539682539684,62.38863417425824,-12.057554661298383
2024-04-20,stable,True,test,Volatile,5,0.6245170029093209,0.9989582270051982,0,57.47769236115221,-10.398395864741637,56.87003968253969,-8.308531746031754,57.547421516345224,-10.249364760527442
2024-04-21,stable,True,test,Volatile,6,0.5783254544295474,0.9995588770348056,1,57.591425741529996,8.184637950584971,57.20899470899471,7.8125,58.28371631771646,9.9921658522005
2024-04-22,stable,True,test,Volatile,0,0.5336662409743081,0.9996670317178837,1,57.306982960114944,1.7016297110448733,57.2337962962963,1.5873015873015888,66.94166849228617,28.43993983614981
2024-04-23,stable,True,test,Volatile,1,0.4879770826508691,0.9999620747580248,1,57.956714688613125,-8.790400820380462,57.78769841269841,-7.6636904761904745,71.36679778232609,0.8171387054785413
2024-04-24,stable,True,test,Volatile,2,0.45039644694850695,0.9999497359642154,0,54.95594315616475,0.03565169748500807,55.64649470899471,1.3144841269841265,74.23704824077538,-7.3709392961607705
2024-04-25,stable,True,test,Volatile,3,0.4847732690564195,0.9997426346118407,2,56.42022556786534,4.145281760652097,55.8531746031746,0.5456349206349103,68.05451443148068,-3.3830494618539646
2024-04-26,stable,True,test,Volatile,4,0.4628067149198958,0.9997931437133181,4,57.8952049970911,4.6368520646419356,57.65542328042327,4.166666666666671,66.60575053198153,-12.1399043683668
2024-04-27,stable,True,test,Volatile,5,0.43472753964931293,0.9995305117289198,5,59.62193608267497,0.8229977191348539,58.99470899470899,4.712301587301589,67.35337123570662,13.419524242898554
2024-04-28,stable,True,test,Volatile,6,0.40172784457060273,0.9989876968884358,3,60.73156030512471,3.049216140324056,61.34259259259259,2.1825396825396766,70.22559648015029,9.57991796997456
2024-04-29,stable,True,test,Volatile,0,0.37205315313342785,0.9982501417953047,1,67.33366682908262,19.26297837976403,67.66699735449735,19.12202380952381,77.21390147018593,6.582148490564833
2024-04-30,stable,True,test,Volatile,1,0.348074404955463,0.9996373142415318,1,65.03119091835838,-9.413302680387062,65.07936507936508,-10.094246031746032,72.01383274399375,-10.797357669009045
2024-05-01,stable,True,test,Volatile,2,0.4610859297906516,0.9941127753379874,1,63.44086271345986,-21.52808804624523,63.2771164021164,-22.19742063492064,67.58060413536307,-24.684682826024343
2024-05-02,stable,True,test,Volatile,3,0.5263413274546902,0.9996880539365206,2,55.32994539833072,1.8376541665492923,55.142195767195766,2.4801587301587347,58.445690956931344,-5.222384866153817
2024-05-03,stable,True,test,Volatile,4,0.503547498636664,0.9939968324523861,1,56.11058875578312,-2.300387993334283,55.94411375661375,-2.2817460317460245,56.82297520667573,-2.3658190938838857
2024-05-04,stable,True,test,Volatile,5,0.4709741318820912,0.9992875548899856,1,53.49473043032689,-5.042911077226499,53.3316798941799,-5.629960317460316,53.972251491422526,-5.832114436488766
2024-05-05,stable,True,test,Volatile,6,0.42697958031702343,0.9999944560305744,1,55.16394614909772,4.5033712505045855,54.76190476190476,4.365079365079374,55.68325538680859,4.7787740707712345
2024-05-06,stable,True,test,Volatile,0,0.3942655156289291,0.9999978028705979,1,60.17094716994149,20.56819004556573,59.70568783068783,20.38690476190476,60.52513395294451,20.71198775028347
2024-05-07,stable,True,test,Volatile,1,0.40114576503066135,0.9999756566386703,2,62.93488138954956,-1.7587555747148045,62.62400793650795,-1.1656746031746081,64.01128191552722,-0.506682234898804
2024-05-08,stable,True,test,Volatile,2,0.39360248760754324,0.9996131803469875,2,62.31873328514837,-12.366076125230293,61.81382275132275,-12.896825396825392,64.92398270159028,-7.008759269447367
2024-05-09,stable,True,test,Volatile,3,0.39097376273253426,0.9977156423542201,3,57.86506282570512,-1.0846239915882236,57.45701058201058,-1.4384920634920633,61.860494108589,1.0630780835315008
2024-05-10,stable,True,test,Volatile,4,0.3574722804417124,0.9998884514238987,2,55.300106395298734,-7.605180552730403,54.811507936507944,-6.671626984126988,60.92858400831364,-6.040514893914008
2024-05-11,stable,True,test,Volatile,5,0.4029599743928508,0.9985682678837329,1,56.05009558932187,3.244902835168901,55.91104497354498,3.4722222222222285,62.381090122232706,6.539224851313598
2024-05-12,stable,True,test,Volatile,6,0.35489714523982885,0.9972173079661891,0,53.94307851375754,0.2891940729379314,53.968253968253975,0.6696428571428541,69.62334816941303,25.5855825258986
2024-05-13,stable,True,test,Volatile,0,0.30441184406211735,0.9977161496940194,0,56.78788440177838,-1.320730470737331,56.80390211640212,-1.4632936507936734,81.92443348690828,26.505222716814544
2024-05-14,stable,True,test,Volatile,1,0.2810019720077437,0.9987843720570412,1,56.215271107938975,7.848114180343707,56.307870370370374,7.8125,82.61910243150403,-13.103542456440124
2024-05-15,stable,True,test,Volatile,2,0.2835204242868049,0.998508641533816,2,58.47932959839515,-1.4530481197560405,58.2010582010582,-2.1577380952380807,75.51688768040736,-32.624317679877194
2024-05-16,stable,True,test,Volatile,3,0.27565471539398345,0.9999970872020268,3,61.64727479947527,9.900945014021225,61.020171957671955,8.482142857142854,71.62587654808642,12.748182486064437
2024-05-17,stable,True,test,Volatile,4,0.27318189073423194,0.9999979895792205,2,64.47254860769736,9.53176013364142,63.59953703703704,9.871031746031754,71.08822982466509,6.5901616265859815
2024-05-18,stable,True,test,Volatile,5,0.23493880513489163,0.9999983968735146,1,70.17089789560679,6.138164140731874,69.48578042328042,7.043650793650798,75.36499671279222,-8.120983618533003
2024-05-19,stable,True,test,Volatile,6,0.1846130615090492,0.9999876260680562,0,68.05009300130098,-4.937291093562436,67.87367724867725,-4.092261904761919,68.50531694259281,-6.217916654269814
2024-05-20,stable,True,test,Volatile,0,0.1730669632040672,0.9999609291587062,1,63.860295521558236,-20.13268016931505,63.6656746031746,-20.411706349206355,64.92397012217367,-16.98417949905283
2024-05-21,stable,True,test,Volatile,1,0.17598561272077398,0.9999916301265693,3,60.73805700694228,3.133863279801389,59.92063492063492,0.6448412698412724,65.1120296043944,13.02223413872737
2024-05-22,stable,True,test,Volatile,2,0.19257104887519633,0.9998718523249462,3,62.58437409883813,13.171052621353326,61.00363756613757,11.780753968253975,67.03069016279868,10.282105482200478
2024-05-23,stable,True,test,Volatile,3,0.18126450584990256,0.9996495230045777,2,61.03231557083188,-15.422140209485931,59.20965608465608,-14.558531746031747,64.68416049333453,-24.587946954107444
2024-05-24,stable,True,test,Volatile,4,0.2270985689559815,0.9998166877380881,1,55.87772160174722,-17.86886990314013,54.59656084656084,-16.443452380952387,56.312888983954146,-17.84756206462665
2024-05-25,stable,True,test,Volatile,5,0.21511738765604074,0.9995265154007785,1,50.79268362733813,2.572114282144831,50.14054232804233,3.794642857142861,53.25474432262095,8.14726050659337
2024-05-26,stable,True,test,Volatile,6,0.15851236553549503,0.9952584068262211,1,50.83343834572039,0.16390585291478743,50.40509259259259,0.0744047619047663,63.85249111442902,32.31910794945791
2024-05-27,stable,True,test,Volatile,0,0.12732521995174653,0.9944820944954139,0,54.86491615147926,9.480677437363774,53.66236772486773,6.696428571428569,78.69109941424342,35.84269681881616
2024-05-28,stable,True,test,Volatile,1,0.1082942024920724,0.980765247430347,3,62.36921845667479,24.96275704258464,61.1359126984127,25.421626984126988,86.48092839213909,-0.27649293514386386
2024-05-29,stable,True,test,Volatile,2,0.11582567485921831,0.9949580884923523,5,63.48605888600329,-8.580006276376317,61.640211640211646,-8.184523809523803,79.8541839276261,-32.076950343524274
2024-05-30,stable,True,test,Volatile,3,0.10594607078672433,0.9986525873867133,6,60.80193152993893,-21.084611546415886,60.18518518518519,-20.089285714285715,72.27252995343834,-10.271752037434112
2024-05-31,stable,True,test,Volatile,4,0.09057795164799705,0.999130075834729,4,58.39862710238989,14.402322471951997,58.19279100529101,17.931547619047613,70.11886414120067,13.142743021682065
2024-06-01,stable,True,test,Volatile,5,0.0995700494815185,0.9999518152589976,3,62.116263012387066,10.6252835218083,62.74801587301588,9.846230158730158,76.26241283398055,9.098657657378695
2024-06-02,stable,True,test,Volatile,6,0.03571180261774556,0.9999780048203144,2,76.0861172424439,28.03486442640174,76.24834656084657,26.388888888888886,84.44299217039,20.730983408507242
2024-06-03,stable,True,test,Volatile,0,0.00031201835369453406,0.9999644735198128,1,84.21109619909042,27.624351611900025,83.90376984126983,27.232142857142847,90.11577184230948,11.730435959100873
2024-06-04,stable,True,test,Volatile,1,-0.0013879841350453864,0.9998653764636156,0,82.21595528215084,-37.269701919180946,81.630291005291,-37.475198412698404,85.19588527997114,-30.202740038864704
2024-06-05,stable,True,test,Volatile,2,-0.01930691450824434,0.9192141599738894,1,79.4047793267868,-4.773600309629927,78.93518518518519,-4.662698412698404,82.61435353108692,-4.031950853903908
2024-06-06,stable,True,test,Volatile,3,-0.056052540497833744,0.8889652498447012,1,71.51126448625861,9.929229841134187,70.8994708994709,9.945436507936506,74.54618112264903,2.2855784208023238
2024-06-14,transition,True,test,Volatile,4,-0.008319469221099012,0.8249549347265787,2,60.48712045220865,0.17108697525130623,60.51587301587301,-0.32242063492063977,65.27668415749453,-0.02318088373341709
2024-06-22,stable,True,test,Bearish,5,-0.06513550983618081,0.9999999999919189,2,65.10454829369384,-31.20552718618231,65.34391534391534,-31.99404761904762,73.02442423153416,-23.899617155438747
2024-06-23,stable,True,test,Bearish,6,-0.11624385205609143,0.9999999999991459,2,70.74175673887949,29.628577675029916,70.52744708994709,29.71230158730158,76.66727253110206,25.141020765959112
2024-06-24,stable,True,test,Bearish,0,-0.11787801124494135,1.0,1,78.8056929024407,42.680383337393025,78.81117724867725,42.68353174603173,83.26788221953376,29.48897035347845
2024-06-25,stable,True,test,Bearish,1,0.04691348377831766,1.0,1,83.75211798603767,-33.2778772709484,83.29199735449735,-34.10218253968253,84.1832673902514,-32.08200654198954
2024-06-26,stable,True,test,Bearish,2,0.02663214404288964,0.9999999999999928,1,70.04675830842217,-35.67930984850025,69.5436507936508,-36.383928571428555,70.7935397819874,-34.82999112412797
2024-06-27,stable,True,test,Bearish,3,0.031076199783608774,1.0,1,56.68712287556534,-12.237798211968325,55.99371693121694,-11.408730158730158,58.58145545783916,-9.893438131119161
2024-06-28,stable,True,test,Bearish,4,0.008771854435910937,0.9999999999999086,1,54.122734550961674,0.14503678808708287,53.778108465608476,0.49603174603173983,58.160002161462295,6.822816393671793
2024-06-29,stable,True,test,Bearish,5,0.03399231723907176,1.0,3,54.813500144728515,6.4718932313707285,53.827711640211646,4.414682539682538,67.23519865432013,29.03185132689027
2024-06-30,stable,True,test,Bearish,6,-0.0165805814309169,0.9999999999999949,4,59.759909625393504,10.294595203837673,57.96957671957673,7.6636904761904745,78.65472510569131,25.62950111212499
2024-07-01,stable,True,test,Bearish,0,-0.030321423156608764,0.9999755407933397,3,64.73420447928862,12.995624568471918,62.92162698412699,15.203373015873012,82.2893451330537,-9.498913002814547
2024-07-02,stable,True,test,Bearish,1,-0.05439137262594244,0.999954995187427,2,68.92626101451452,4.208834395053486,67.64219576719577,6.150793650793659,77.78133869983708,-18.75074732687311
2024-07-03,stable,True,test,Bearish,2,-0.05859559418427046,0.9999971664315901,2,65.13434026359694,-16.004051610600428,64.59986772486774,-16.319444444444443,68.24533846883155,-13.882359662978843
2024-07-04,stable,True,test,Bearish,3,0.008659745419041475,0.9999987366367081,3,61.22410656898086,-11.311246121054054,60.88789682539683,-10.094246031746039,64.4313410138869,-7.416886067998632
2024-07-05,stable,True,test,Bearish,4,0.12325742545959528,0.9999999993425165,2,62.934833255265346,20.716776706659672,62.673611111111114,20.634920634920647,66.14206770017138,14.989433424996989
2024-07-06,stable,True,test,Bearish,5,0.19133786379121048,0.9999999999990815,1,62.891301574331216,-4.403945569554551,62.657076719576715,-5.233134920634917,64.27145216236421,-8.05221391156639
2024-07-14,transition,True,test,Bearish,6,0.1795987692498647,0.9962454823472711,0,55.51968244452254,-1.917012029129154,55.324074074074076,-0.9672619047619051,66.70650136469257,11.360184120716212
2024-07-20,transition,False,test,Volatile,5,0.1496733486041527,0.9992762915302706,2,60.17126735607878,-7.886458552185815,58.88723544973545,-9.846230158730158,62.41488019042985,-2.4672315405501735
2024-07-31,transition,True,test,Bullish,2,0.07406329199954434,0.7998757880819007,3,57.82502719355079,4.656167519442278,56.94444444444445,7.192460317460309,60.566453021755905,9.268337064372446
2024-08-04,transition,False,test,Volatile,6,0.22744308964096074,0.9430349183493366,2,69.15891597172606,-4.804888163955326,69.27083333333333,-3.993055555555557,69.61621781607239,-4.804888163955326
2024-08-10,transition,False,test,Bearish,5,0.4904234941532706,0.8797662661304463,0,54.260311436557735,-7.895699603656126,53.761574074074076,-7.415674603174601,54.34384414572881,-7.714310201642611
2024-08-18,stable,True,test,Volatile,6,0.3925229666508567,0.9999229501126028,2,54.19513444754344,3.219696962083752,54.07572751322751,2.5049603174603092,65.85195331014263,32.39597460207532
2024-08-19,stable,True,test,Volatile,0,0.38090223520137,0.9998159466692011,0,55.63694606595422,0.8034797697235945,55.191798941798936,2.1081349206349174,78.24161178598915,32.20735369832047
2024-08-20,stable,True,test,Volatile,1,0.33473474673567544,0.9999356579317826,0,56.11227211086669,1.7282362581624326,56.283068783068785,2.0089285714285765,81.34782864316698,-18.115702301322713
2024-08-21,stable,True,test,Volatile,2,0.33995752840810134,0.999879143681193,0,57.25234526148787,2.3144815587149097,57.36607142857142,2.4057539682539755,73.3231386827601,-28.84707070668486
2024-08-22,stable,True,test,Volatile,3,0.30597237163217866,0.9999741017626064,0,56.72160884017595,-2.2147076289495473,56.63029100529101,-3.3730158730158735,67.94368344669779,6.750337418599997
2024-08-23,stable,True,test,Volatile,4,0.28150902349426515,0.9999140607598282,0,55.45577249630182,-5.4894922253235165,55.142195767195766,-5.704365079365083,66.43549810740156,1.4338115620092111
2024-08-24,stable,True,test,Volatile,5,0.26609992877994015,0.9999999473800105,1,54.15323796769403,-0.0009127631727210428,53.84424603174603,0.7192460317460316,71.52566404560599,2.561792816115343
2024-08-25,stable,True,test,Volatile,6,0.21441115546157313,0.9999975034312483,1,57.913612391475624,12.863924674017639,57.73809523809524,12.77281746031747,68.99656232898026,3.6875882866116
2024-08-26,stable,True,test,Volatile,0,0.1686717875693095,0.9999950713058108,1,61.33966770300904,8.696277295100131,61.27645502645503,8.804563492063494,69.08677393946519,-13.566051421149346
2024-08-27,stable,True,test,Volatile,1,0.16183541542851032,0.9999898089557877,1,59.57460980689766,-16.57720972285165,59.90410052910053,-15.079365079365083,63.92863853799671,-5.32530823841293
2024-08-28,stable,True,test,Volatile,2,0.28010001779121,0.99999281330839,2,55.62968186783919,-9.249025077758084,56.20039682539683,-8.95337301587302,63.18487372618082,1.1856590197091705
2024-08-29,stable,True,test,Volatile,3,0.2742404239760997,0.9999433952179867,2,54.5865340682815,10.862007584761251,55.21660052910053,9.970238095238095,62.29507511342283,-0.7610410550178841
2024-08-30,stable,True,test,Volatile,4,0.257103264038846,0.9991159353430928,1,59.862420875790825,11.085234516851756,59.961970899470906,10.267857142857146,63.52684149005281,0.601285326924696
2024-09-07,transition,True,test,Volatile,5,0.3157702234768896,0.6997016396101052,1,57.2151079784367,0.15724283540647832,57.37433862433863,0.297619047619051,60.08096065079665,-3.049518792603031
2024-09-12,transition,False,test,Bearish,3,0.17770077475835258,0.899326943562343,2,57.640221184259254,-1.4305713592093596,58.333333333333336,-1.2896825396825307,60.94626172445351,-3.358556051094986
2024-09-22,transition,True,test,Volatile,6,-0.04414569217929215,0.7459357448286283,1,66.63351515341235,-11.632770439631216,66.47652116402116,-10.739087301587318,67.30398087503222,-13.644167604490875
2024-10-01,transition,True,test,Bullish,1,-0.13284886683645672,0.8943771407547529,2,63.46923469391199,-7.856744770032606,62.8885582010582,-8.159722222222214,66.45413912040964,1.0979685094603298
2024-10-10,transition,True,test,Volatile,3,-0.12160412209663757,0.49523953647528174,2,59.49951716860898,28.320092768254234,59.73048941798942,28.174603174603178,67.31119317123449,20.634380918225297
2024-10-15,transition,False,test,Sideways,1,-0.14164938760540616,0.845377116734513,3,69.23017559240685,32.906721349792534,68.9566798941799,32.242063492063494,73.98882599269753,22.27983515845402
2024-10-23,stable,True,test,Bullish,2,-0.25575517321221064,0.9999977401094186,1,61.742683953803315,2.5267397621114753,61.81382275132275,2.6289682539682744,68.24428849724829,16.15015730171143
2024-10-24,stable,True,test,Bullish,3,-0.23387853481493678,0.9968174064653049,1,63.56693776852169,9.245514615998033,63.57473544973546,9.002976190476197,72.7194933766611,11.316971719346355
2024-10-25,stable,True,test,Bullish,4,-0.24222649506937485,0.9999992686636847,0,62.958112085029654,-8.125969984430455,62.83068783068784,-8.581349206349223,73.15932487769454,-12.722019879718985
2024-11-02,transition,True,test,Bullish,5,-0.1533486103879736,0.919346739721945,1,57.450996204968334,-2.629639590332424,57.47354497354497,-2.058531746031747,60.59221694425393,-1.6185575682798614
2024-11-07,transition,False,test,Volatile,3,-0.08788433647971518,0.7331731208427447,1,60.803528267633055,9.34534877688484,60.45800264550265,9.176587301587311,69.11771802789274,-2.080680334271605
2024-11-15,stable,True,test,Bullish,4,0.10548872601658633,0.9999999999999982,0,58.019634587320894,-2.203443981339923,57.53141534391534,-1.8353174603174693,58.232824598397094,-1.563873948111322
2024-11-16,stable,True,test,Bullish,5,0.08446710928280667,1.0,0,60.64977012634218,9.820266941129233,60.276124338624335,10.143849206349202,60.86296013741838,9.820266941129233
2024-11-17,stable,True,test,Bullish,6,0.04920286911553558,1.0,0,61.988435287565295,4.289579140943879,61.698082010582006,4.19146825396826,62.746661511204856,5.285117745405358
2024-11-18,stable,True,test,Bullish,0,0.040784049738791954,1.0,1,59.80019438734124,-16.658573299075925,59.50727513227514,-16.641865079365076,64.77722814013622,-3.3625806783811
2024-11-19,stable,True,test,Bullish,1,0.025556282881231362,1.0,3,55.02195311828291,-8.530452349715127,54.720568783068785,-8.482142857142861,61.57988693828915,-5.422860785771377
2024-11-20,stable,True,test,Bullish,2,0.005898322497709733,1.0,4,56.39612382313758,14.97681395618008,56.34920634920635,15.649801587301582,63.8203810775023,5.914900276250727
2024-11-21,stable,True,test,Bullish,3,-0.0179839760522425,1.0,6,59.36683404844868,6.5882811840323825,59.51554232804233,7.217261904761912,63.557862613770816,5.441887535965648
2024-11-22,stable,True,test,Bullish,4,-0.02940279101276113,1.0,5,67.36975772071294,11.355806552513613,67.86541005291006,11.681547619047635,70.19877614112944,7.778397378665105
2024-11-23,stable,True,test,Bullish,5,-0.05743415078206213,1.0,4,68.94832631205894,10.800389054284764,68.74173280423281,8.779761904761905,70.36598508555362,7.204082500717668
2024-11-24,stable,True,test,Bullish,6,-0.08071663334504899,1.0,1,68.38007491035155,-19.12524403788258,68.1878306878307,-19.494047619047635,69.15056645706916,-18.127108931563633
2024-11-25,stable,True,test,Bullish,0,-0.09439291527632732,1.0,2,60.553359628475484,-16.86004506715252,60.19345238095238,-14.930555555555564,63.529578298586756,-9.586193930054641
2024-11-26,stable,True,test,Bullish,1,0.017108523998511323,0.9999999999492118,2,53.58300662816242,-8.405915741532262,53.57142857142858,-9.42460317460317,60.363370916118434,1.3517162387660804
2024-11-27,stable,True,test,Bullish,2,0.04032192139361733,0.999999999000087,2,52.043888015957236,-0.26245402886998903,51.83531746031746,-0.7192460317460316,58.68038194632364,-6.313111365500781
2024-11-28,stable,True,test,Bullish,3,0.03126867762643039,0.9999999996105908,0,53.48974117368991,8.388573406984712,53.24074074074074,9.151785714285715,58.39289621565388,-0.9500289746589843
2024-11-29,stable,True,test,Bullish,4,-0.001437941558466968,0.999999985162538,0,56.23168295344797,4.437265434357492,56.04332010582011,4.19146825396826,64.89506206143047,25.907180685480256
2024-11-30,stable,True,test,Bullish,5,-0.026803911022374314,0.9999999952719708,0,55.79960983944009,-5.8962328440916565,55.77876984126984,-5.729166666666664,68.47121986686217,5.277819242803638
2024-12-01,stable,True,test,Bullish,6,-0.06084053843072753,0.999999587437413,1,57.88931686914176,6.431869156815516,57.514880952380956,5.952380952380949,78.64820757081549,10.074436599871134
2024-12-09,transition,True,test,Bullish,0,0.02854830853326281,0.9999999751845459,1,55.59702678639393,3.5371775192999664,55.348875661375665,3.4474206349206256,76.36966069140256,35.42073817169496
2024-12-13,transition,False,test,Volatile,4,0.1013229913554417,0.723135424459293,1,56.023993889722625,11.634605714073288,56.54761904761906,13.814484126984134,58.724418396490385,11.521588557844268
2024-12-19,transition,False,test,Bullish,3,0.06792345501836702,0.7599580416235074,2,63.9904995055941,-20.641333502948918,63.25231481481482,-18.328373015873026,64.33896246514728,-20.344967810704183
2024-12-30,transition,True,test,Volatile,0,0.07198345902893248,0.9316436676805246,1,59.966642838574394,19.397581588151382,59.47420634920635,18.501984126984127,80.38708814495104,18.104147245462045
2025-01-02,transition,False,test,Bearish,3,0.028631811250993663,0.917650293961047,2,58.28051356352265,0.44910557361539816,57.68022486772487,0.17361111111110006,70.49604178474203,21.399995689402203
2025-01-09,transition,False,test,Volatile,3,0.01901316603810983,0.6569882994802001,3,66.79107379815298,-5.8954114091015555,66.95601851851853,-4.8611111111111,68.7790110475763,-5.36448903530345
2025-01-19,transition,True,test,Sideways,6,-0.06981710212471008,0.6281357654511026,0,73.19037592487764,0.8633289470552086,72.38756613756614,0.9176587301587347,73.46862379603841,0.028585333572891614
2025-01-27,stable,True,test,Volatile,0,0.06436027467180552,0.9950837846123896,1,68.25655978914965,35.60968708394984,66.4186507936508,33.68055555555555,80.86189920551045,35.49833058645858
2025-01-28,stable,True,test,Volatile,1,0.09079297002406339,0.998511667553533,2,70.11805759874565,3.8447288746667496,68.3531746031746,7.341269841269842,81.92399062919712,-25.349947065766806
2025-02-05,transition,True,test,Volatile,2,0.2097623417720738,0.5854716021384623,2,62.29158476157887,-18.2444537665639,62.42559523809524,-17.26190476190476,63.206006433798905,-19.618421024121254
2025-02-14,transition,True,test,Bearish,4,0.038856185785111505,0.7656690640825259,2,63.90006129332257,-25.159980634464944,63.31018518518518,-25.967261904761905,69.64695236043491,-17.027998290369823
2025-02-19,transition,False,test,Volatile,2,-0.11065779317078761,0.988422024345813,0,82.59336884890494,-16.01739245553611,81.73776455026454,-15.99702380952381,84.31143381967864,-13.489736150341628
2025-02-26,transition,False,test,Sideways,2,-0.022842105120239185,0.999999996998697,1,77.37282167431118,-24.945254024140866,77.04199735449735,-24.751984126984127,78.6894559875161,-25.497755404963144
2025-03-06,stable,True,test,Bearish,3,0.290465081557627,0.9920669281333186,2,53.49996171715122,-4.167001685300832,53.37301587301587,-4.092261904761905,53.954412366047215,-3.3208066651894157
2025-03-07,stable,True,test,Bearish,4,0.29985664833805553,0.9824931878617684,1,55.39306684797352,5.628136113996241,55.19179894179894,5.233134920634917,55.766381820974495,5.597793242789727
2025-03-08,stable,True,test,Bearish,5,0.3608924050558829,0.9889866397664328,3,56.81792301793045,8.492749473642249,57.27513227513228,10.565476190476197,57.210863338780655,7.492366340600007
2025-03-09,stable,True,test,Bearish,6,0.31908484714942964,0.9954080748791094,3,56.02101814000872,-12.237031711532893,56.4566798941799,-12.003968253968253,62.942004891342826,8.436709627715231
2025-03-10,stable,True,test,Bearish,0,0.41095628800150846,0.9995528402332706,3,56.471653429793626,2.7054734734801826,57.12632275132275,0.9920634920634797,69.21578238181884,20.08568116079934
2025-03-11,stable,True,test,Bearish,1,0.4637872768710023,0.9999656640314268,1,57.71562412715113,14.615376199479961,57.63062169312169,14.533730158730165,70.43001344092495,-6.0583651397681635
2025-03-19,transition,True,test,Bearish,2,0.2643251852434038,0.9654666779253165,1,54.84240830983728,-5.7339754077201945,54.92724867724868,-5.18353174603174,69.84451931089505,-12.486234808589579
2025-03-26,transition,False,test,Volatile,2,0.033722967495994724,0.9222129921883219,1,68.06092756826693,-17.086797243907498,67.69179894179895,-17.584325396825392,69.28770941648271,-18.444886306953954
2025-04-09,transition,True,test,Sideways,2,0.2370192089867593,0.7457985512506121,3,64.57182616566492,-5.7930158663331355,64.16997354497356,-4.067460317460316,68.02895094277845,-15.73294755666626
2025-04-24,transition,True,test,Volatile,3,-0.08811813030423914,0.7003713872481353,1,74.46958590031423,11.322967663062897,74.17328042328043,9.573412698412696,74.56673780808867,11.03151193973956
2025-05-02,stable,True,test,Bullish,4,-0.25771590826068297,0.999999999999999,0,79.3634776408848,-18.65431237751028,78.9021164021164,-18.40277777777777,84.69699774748335,-15.625588441431049
2025-05-03,stable,True,test,Bullish,5,-0.29367390261125503,1.0,0,77.66099787515127,9.843818373039582,77.3561507936508,10.714285714285722,83.43656678041229,5.09256823815474
2025-05-04,stable,True,test,Bullish,6,-0.325240499632149,0.9999999999932739,0,84.56136034274742,24.40414211005863,84.46593915343915,24.379960317460316,87.54508153184612,19.07727155636465
2025-05-05,stable,True,test,Bullish,0,-0.3226178087499055,0.9999816216596366,0,91.44572510631595,7.106221210395887,91.27810846560847,6.6716269841269735,92.65382277751667,3.4819281967937457
2025-05-06,stable,True,test,Bullish,1,-0.35270223387502597,0.9999985253957068,0,84.88859701855671,-30.528653293026665,84.61474867724867,-30.60515873015872,85.97929790951235,-27.256550620159715
2025-05-07,stable,True,test,Bullish,2,-0.34766675259865615,0.9999999999122499,0,82.35063202447465,-3.8628471628931322,81.88657407407409,-4.241071428571416,84.81555551619276,0.25982063939426325
2025-05-08,stable,True,test,Bullish,3,-0.3683513047578239,0.9999999999922895,1,72.28978114597594,-3.404947161822548,72.29662698412699,-2.1081349206349316,77.48542673710325,1.5151164635381775
2025-05-09,stable,True,test,Bullish,4,-0.30934668656753755,1.0,1,78.89204479676266,-3.1079673584202823,78.77810846560847,-2.9761904761904816,83.23996102764669,-6.501720568570676
2025-05-10,stable,True,test,Bullish,5,-0.3258124627712929,1.0,1,72.55613122364592,7.311964753252809,72.41236772486774,5.4315476190476275,75.54773199422962,-0.8264801235884391
2025-05-11,stable,True,test,Bullish,6,-0.36041244219207363,1.0,0,72.41722715038026,-23.628450333979742,71.86673280423281,-23.18948412698414,72.84686279560253,-23.851094003973323
2025-05-12,stable,True,test,Bullish,0,-0.38365608296135134,1.0,0,63.039744424924265,-12.232674815438031,62.62400793650793,-11.607142857142861,63.71656492707417,-10.815927073904582
2025-05-13,stable,True,test,Bullish,1,-0.3110308171231265,0.9999999999999558,3,57.3125775577606,-9.452823628441202,57.027116402116405,-9.722222222222214,59.89512377054543,-4.18819599729342
2025-05-14,stable,True,test,Bullish,2,-0.3058648690366143,1.0,3,54.07286070223048,-5.215152724202142,54.34854497354498,-3.49702380952381,60.53978044005813,5.47376961014988
2025-05-15,stable,True,test,Bullish,3,-0.3294723292329565,0.9999999999999974,4,54.94651199532694,7.569779665342345,54.66269841269841,6.125992063492056,72.06638701891733,35.2282161322592
2025-05-16,stable,True,test,Bullish,4,-0.33303611659964605,1.0,1,55.90364266660921,3.1377189519959856,55.935846560846564,2.1329365079365132,73.67686309825346,-1.2907377678230887
2025-05-17,stable,True,test,Bullish,5,-0.36497564699450935,0.9999999999999999,1,66.79820760094985,24.847588199530406,66.1954365079365,26.33928571428573,81.08004861045252,-6.896493589830499
2025-05-18,stable,True,test,Bullish,6,-0.40550625665536627,0.9999999999999898,0,78.52570621972104,39.88088350780915,78.48875661375662,39.18650793650793,82.00506781157203,33.17184549760928
2025-05-19,stable,True,test,Bullish,0,-0.4104817095558105,1.0,0,85.2861539261967,-9.264632731598994,85.10251322751323,-8.804563492063494,87.2507247024265,-7.763323631856849
2025-05-20,stable,True,test,Bullish,1,-0.3390701335145338,0.9999999999999997,1,74.48997096988799,-42.72345652570932,74.56183862433863,-42.16269841269841,77.82491185809424,-37.9489897261858
2025-05-21,stable,True,test,Bullish,2,-0.3443071659488391,1.0,2,61.287143956623574,-20.008940651411066,61.392195767195766,-20.16369047619048,67.48363072041509,-13.588968587991559
2025-05-29,transition,True,test,Bullish,3,-0.323621715336559,0.999932467441486,1,74.38556954748704,15.803418276421908,73.94179894179895,16.096230158730165,82.56434892749024,13.45035206000577
2025-06-11,transition,True,test,Volatile,2,-0.3638885779592155,0.7823928417206977,1,75.13237474601438,-27.913831429266722,74.92559523809524,-27.653769841269835,76.52942029409031,-26.18358905503208
2025-06-19,stable,True,test,Sideways,3,-0.31712929631484865,0.9995405416198684,2,57.67048126005466,-16.455548833907997,57.15939153439154,-15.724206349206348,69.19707063598058,7.607638593496915
2025-06-20,stable,True,test,Sideways,4,-0.3553536231531332,0.9997925181838317,2,68.35177079971673,32.649731792831325,67.82407407407408,34.30059523809525,79.53844207296196,29.376565518476767
2025-06-21,stable,True,test,Sideways,5,-0.3074918979032104,0.9997509136368599,1,70.97706680401467,23.725573672956713,71.0896164021164,23.214285714285715,81.52758555962819,0.007340658969184233
2025-06-22,stable,True,test,Sideways,6,-0.2898492212973253,0.995319254112879,0,81.88695985676299,-15.769738294649315,81.82870370370371,-15.500992063492063,83.72136091091363,-16.835149663590897
2025-06-23,stable,True,test,Sideways,0,-0.22385865225602727,0.640618017034867,1,71.61743535535241,-6.034729724294195,71.37070105820106,-6.870039682539684,74.22429787085638,-5.082054061693739
2025-06-24,stable,True,test,Sideways,1,-0.1905302628350452,0.9283042526396383,2,66.56252408007525,-24.168839311119697,66.36904761904762,-24.007936507936513,69.63974952834225,-20.327630422429493
2025-06-25,stable,True,test,Sideways,2,-0.23377274853206198,0.9594700188168374,3,58.700042105832544,-8.548610713145713,58.48214285714286,-7.787698412698418,64.45908408019527,-3.885956887860104
2025-06-26,stable,True,test,Sideways,3,-0.2652179237205827,0.9997004442154335,2,60.320100657339395,13.99017975605787,60.226521164021165,13.368055555555564,64.72846941368947,9.479746966331234
2025-06-27,stable,True,test,Sideways,4,-0.2945776652140586,0.999904053807686,1,62.50234027725929,5.965325471368118,62.49173280423281,6.448412698412703,65.40723143703381,-2.7493480079554544
2025-06-28,stable,True,test,Sideways,5,-0.3352814806810082,0.9999737150681347,1,74.0663716329759,21.283307699483515,73.97486772486774,21.428571428571416,74.0663716329759,21.283307699483515
2025-06-29,stable,True,test,Sideways,6,-0.3917079213289436,0.9999877737686037,1,83.34996406142506,35.294238181645646,83.37466931216932,34.7718253968254,83.37770401391502,35.37745803911556
2025-06-30,stable,True,test,Sideways,0,-0.43859328614797405,0.9999653431626983,1,91.2243619629687,-5.103574891150771,91.0383597883598,-5.009920634920633,91.59790368324377,-4.066169587795429
2025-07-01,stable,True,test,Sideways,1,-0.44374843565710187,0.9999903126533866,0,88.13553892121122,-15.833938711136398,87.8968253968254,-16.195436507936506,88.97717091512688,-14.512887747684559
2025-07-02,stable,True,test,Sideways,2,-0.4390221488295478,0.9999744891478104,0,85.2533546158654,3.024491560977282,84.89583333333333,2.7777777777777857,86.79704349729339,4.176476777628864
2025-07-03,stable,True,test,Sideways,3,-0.4140999860034003,0.999974518788931,1,76.47570537802513,-22.17005347939915,76.28141534391534,-21.428571428571438,79.15488837676926,-19.130436645017156
2025-07-04,stable,True,test,Sideways,4,-0.44036303292861706,0.9999729354997442,2,70.30382400713616,-25.703029907765874,70.63492063492065,-24.131944444444443,73.91962702235219,-23.67828955743535
2025-07-12,transition,True,test,Sideways,5,-0.4446208658962173,0.5231446154151471,1,79.07079555924133,-5.300485220160212,78.86904761904763,-5.530753968253961,81.10601935041608,-7.991809298345672
2025-07-20,stable,True,test,Bullish,6,-0.4027208102472131,0.9999999999999662,0,71.8959108550443,22.265614720879768,72.13955026455027,20.85813492063491,81.25580389758744,8.97511094527934
2025-07-21,stable,True,test,Bullish,0,-0.41074231010955137,0.9999999998674227,0,78.72077242360449,43.61728795542569,78.5300925925926,42.956349206349195,84.07313194356858,30.096015811260095
2025-07-22,stable,True,test,Bullish,1,-0.40464214018674094,0.9999999999909549,0,84.16378730083834,-29.079273338923343,83.54828042328042,-29.58829365079363,87.65946538989232,-19.86014227962481
2025-07-23,stable,True,test,Bullish,2,-0.3965975054758469,1.0,0,70.03083091721815,-40.607839135661344,69.66765873015873,-39.95535714285713,77.37625861539226,-30.326493516164284
2025-07-24,stable,True,test,Bullish,3,-0.3912226973324219,0.9999999999845809,0,65.95904828899157,15.072895439044345,65.6332671957672,15.7986111111111,74.0761339908055,9.43664159852868
2025-08-01,transition,True,test,Bullish,4,-0.4239888940441482,0.8422947724678627,0,87.73797505073871,-2.8070236512652684,87.14451058201058,-2.1081349206349245,90.01090712547521,-3.542642749899585
2025-08-09,stable,True,test,Sideways,5,-0.4696709767279014,0.9998217771436816,2,81.8871702569463,-0.907563980783479,81.32440476190476,-1.9345238095238102,83.17642312617376,-1.0631286336531645
2025-08-10,stable,True,test,Sideways,6,-0.49489682129727597,0.9999353009252647,2,83.89197406932115,21.037092565583208,83.29199735449735,21.006944444444443,85.65206543240701,18.892978745215316
2025-08-11,stable,True,test,Sideways,0,-0.5109168226550005,0.9999129005188744,2,83.31159412477028,-15.856256981327803,82.80423280423281,-14.632936507936506,84.88184613141355,-12.71358109584284
2025-08-19,transition,True,test,Sideways,1,-0.3755359527506458,0.9964449133864317,1,73.1105591565683,-7.219973562460538,72.13955026455027,-6.37400793650793,82.85048907523519,-20.97694054404205
2025-08-24,transition,False,test,Bearish,6,-0.2891764124263642,0.7206978903590879,1,69.7876353997713,-37.420862541671866,69.46097883597884,-37.152777777777786,79.69419530528769,-11.889278013112445
2025-08-27,transition,False,test,Sideways,2,-0.16569501235728493,0.9746838500508673,3,64.93217620471457,-12.533004015148236,63.351521164021165,-11.805555555555543,71.84781104812974,-22.39732853648796
2025-09-05,transition,True,test,Bearish,4,-0.24266537306657399,0.9643914946182038,2,66.5276218197722,12.634873242176248,65.4513888888889,11.25992063492064,72.34203094044302,7.412417024307828
2025-09-13,stable,True,test,Sideways,5,-0.3836224051165802,0.9999964476217384,1,73.16901783411747,-8.166640065474887,73.32175925925925,-7.167658730158735,75.11010210828199,-10.25534064844328
2025-09-14,stable,True,test,Sideways,6,-0.4209190141739676,0.9999807088919961,1,69.8664650067962,-23.935293609579134,70.17195767195767,-23.41269841269841,70.71226417368565,-25.275536371390643
2025-09-15,stable,True,test,Sideways,0,-0.4516429031390663,0.9999407462027856,2,65.26989187187449,8.404555788325105,65.53406084656085,7.217261904761898,65.68497899460893,7.255507678814723
2025-09-16,stable,True,test,Sideways,1,-0.4542447387485019,0.9998403040838735,1,73.53241960454237,26.52860161449253,73.33829365079366,25.69444444444445,74.43459398788816,29.18701813518345
2025-09-17,stable,True,test,Sideways,2,-0.4674955226291202,0.9955576004361292,1,82.87441513120359,17.880412375169684,82.54794973544973,18.12996031746033,83.90270518513681,18.210652757585464
2025-09-25,transition,True,test,Sideways,3,-0.47728569137612376,0.9998061887208178,2,75.67763092968953,28.249956790615542,75.84325396825396,26.1656746031746,78.49051397952954,23.503588168715396
2025-09-30,transition,False,test,Bearish,1,-0.4317061424268679,0.561224102407692,2,65.98423094455502,6.216552277056593,65.51752645502644,6.324404761904766,66.95216919181043,8.853317603567504
2025-10-03,transition,False,test,Sideways,4,-0.4111143994116331,0.5010864669468905,0,71.77193610717528,13.355978775736276,71.58564814814815,12.450396825396822,72.04753225034761,12.895594270400935
2025-10-12,transition,True,test,Bullish,6,0.18102510412463688,0.998849221239527,1,59.29979844526938,12.30165443142544,58.0109126984127,12.599206349206362,71.03863065375404,1.8599559420935634
2025-10-15,transition,False,test,Volatile,2,0.18288668306026842,0.959871187179485,1,57.797502859165945,-12.77955943812384,56.845238095238095,-13.442460317460316,58.53444455905585,-10.792923902217105
2025-10-26,transition,True,test,Bearish,6,0.040099896355948635,0.9708796544559494,1,55.21678767809406,7.1946558776290175,54.52215608465608,5.729166666666664,70.59026557777851,16.96338301068883
2025-10-30,transition,False,test,Volatile,3,0.03296659549838889,0.8426374711643586,3,54.27433944789188,-19.51442580868911,53.819444444444436,-17.857142857142854,60.099148429137735,-4.624763642415559
2025-11-06,transition,False,test,Sideways,3,0.14920983894299344,0.5892902151693469,2,57.589272439502984,1.5968170201337841,56.192129629629626,3.224206349206348,60.353792446517396,-4.336455056027617
2025-11-14,stable,True,test,Bearish,4,0.1931229865354349,0.9999990381734389,1,54.80749942052942,-3.2173876542375623,54.13359788359788,-1.8849206349206327,60.038144328394026,-1.2974618325600886
2025-11-15,stable,True,test,Bearish,5,0.2746462187260781,0.9999999958764701,1,57.8990008801699,19.616125823312842,57.40740740740741,19.270833333333336,63.01645451366372,6.523264567621219
2025-11-16,stable,True,test,Bearish,6,0.2304256037360596,0.9999999982278529,1,64.61916475046037,13.036257820717559,63.84755291005291,11.755952380952387,65.37233129872364,10.776758175927739
2025-11-17,stable,True,test,Bearish,0,0.2358679509079678,0.9999999999962099,1,69.61620173700119,2.4992189264634845,68.5598544973545,2.430555555555557,69.82011365985623,3.110954695028596
2025-11-18,stable,True,test,Bearish,1,0.27054019591030015,0.9999999999999915,1,64.79792779085344,-14.999187626001849,63.92195767195767,-13.96329365079366,66.47930924876017,-10.566779020846724
2025-11-19,stable,True,test,Bearish,2,0.2700463764637527,0.9999999999999958,1,60.720681046558745,-14.186593371788994,60.639880952380956,-12.227182539682545,62.45795411410224,-14.630654311443848
2025-11-20,stable,True,test,Bearish,3,0.28867878974309175,1.0,2,56.26824441067824,3.596730857265271,56.357473544973544,3.4970238095238173,58.602240630758125,1.5662274782844037
2025-11-21,stable,True,test,Bearish,4,0.391716239612864,1.0,3,56.94679010714834,-0.7318103037074764,57.01058201058202,-2.157738095238088,58.379145513295974,0.8280010307406513
2025-11-22,stable,True,test,Bearish,5,0.44921202685297273,1.0,3,56.570876188221746,-1.957025220927271,56.17559523809524,-1.8849206349206398,57.94733998473263,-4.358930447101528
2025-11-23,stable,True,test,Bearish,6,0.41473987295551523,1.0,2,58.326988332408284,6.829430200414556,57.837301587301596,6.522817460317462,58.90281705352774,5.101944037056171
2025-11-24,stable,True,test,Bearish,0,0.3750376667412902,1.0,1,55.51828981347304,-8.030164103733412,55.00165343915344,-8.159722222222221,55.51828981347304,-8.030164103733412
2025-11-25,stable,True,test,Bearish,1,0.347711069274414,1.0,1,55.09896875557805,-8.483324827171828,54.52215608465608,-8.308531746031754,55.21859433288802,-8.124448095241945
2025-11-26,stable,True,test,Bearish,2,0.3262674417352142,1.0,1,53.42460025564586,10.232420257423712,53.00925925925927,10.49107142857143,54.17877080891711,12.136055185307548
2025-12-04,transition,True,test,Bearish,3,0.19220758662112017,0.6658277225750525,3,69.37558592288964,10.444506775195919,69.37830687830687,9.226190476190467,71.08127433560868,5.327441537038823
2025-12-12,stable,True,test,Sideways,4,0.15999751248841054,0.9988724321811407,0,50.51806341367378,-0.08858187887518199,49.97519841269841,-0.024801587301588768,68.79874063976308,-7.760720545253754
2025-12-13,stable,True,test,Sideways,5,0.17537236523367736,0.9953579340287608,0,50.0246866290452,-1.6447443983714152,49.636243386243386,-1.6369047619047592,68.18791431862326,-13.157814691071636
2025-12-14,stable,True,test,Sideways,6,0.1193691957887229,0.9977286338979824,1,52.37042741172579,7.29041827140265,51.579034391534385,6.473214285714285,70.32381140331947,25.49374752699456
2025-12-15,stable,True,test,Sideways,0,0.12984127258662362,0.999119095686552,1,61.33566218646399,28.287252799225158,60.70601851851851,28.373015873015873,79.90504185226001,22.81544976498735
2025-12-16,stable,True,test,Sideways,1,0.17883627982390252,0.9998920189725642,2,63.202215948681776,-3.08230545975988,62.21891534391534,-2.926587301587297,78.69349625584614,-23.200142734401894
2025-12-17,stable,True,test,Sideways,2,0.14903835881256036,0.9967525129056294,3,63.80814410424847,-17.78750158611185,63.24404761904762,-17.83234126984126,71.20018190247075,-25.72988687995329
2025-12-18,stable,True,test,Sideways,3,0.19805500467292872,0.9998415511651381,3,57.04959011237085,2.4119295369389704,56.38227513227514,3.2490079365079367,64.35346573403831,5.909938048931693
2025-12-19,stable,True,test,Sideways,4,0.23348285692334958,0.9998077048986646,2,56.61482846504553,-6.204374868435941,56.374007936507944,-6.026785714285722,64.28028618975931,-0.9397383071126981
2025-12-20,stable,True,test,Sideways,5,0.21383894696774372,0.9137859538293933,0,55.695792848112454,-0.2689464612782331,55.66302910052911,0.6200396825396766,63.33572659480557,-8.023417159517209
2025-12-21,stable,True,test,Sideways,6,0.15290745382562262,0.8605294074101243,0,57.445150766378596,8.964288233713361,57.53968253968254,8.903769841269835,72.87478729438959,34.74665878052075
2025-12-22,stable,True,test,Sideways,0,0.10693865128632056,0.8939572579545169,1,58.50422758733365,-0.2700375547714984,58.29199735449735,-1.6369047619047663,82.37951501644555,30.40812364391641
2025-12-23,stable,True,test,Sideways,1,0.09209146337746817,0.9583000229713293,2,59.6213742821104,-2.165580131746424,58.95337301587301,-3.025793650793645,85.78316731445342,-26.429642364245638
2025-12-24,stable,True,test,Sideways,2,0.0830035919546475,0.9986678024882212,3,55.9543663630807,-5.213965986240964,55.24140211640211,-4.489087301587297,74.81533496057217,-26.671021447290926
2025-12-25,stable,True,test,Sideways,3,0.04422612035421891,0.999661797132135,2,62.491626448110225,15.990302615986849,61.574074074074076,15.37698412698412,70.8178392038,8.204679479576285
2025-12-26,stable,True,test,Sideways,4,0.014650885345242667,0.9995624222960537,1,73.97194442058394,43.27639754276382,73.22255291005291,43.055555555555564,78.9655552992164,30.917002983647322
2025-12-27,stable,True,test,Sideways,5,0.009522293682911692,0.9996775322289014,0,75.66955640140401,-19.732910298869292,74.7850529100529,-18.79960317460317,79.36414333626065,-13.482770065841649
2025-12-28,stable,True,test,Sideways,6,-0.04896395410082264,0.9998159398193627,0,81.38313411032705,-1.3099181746651425,80.93584656084656,-1.1160714285714448,84.31141406013074,-1.396656635062655
2025-12-29,stable,True,test,Sideways,0,-0.10562989072039937,0.9999111280773734,0,82.38233751419097,41.181171811895275,81.9940476190476,41.54265873015873,85.26514462154803,32.582430556766425
2025-12-30,stable,True,test,Sideways,1,-0.06975044187796291,0.9999659281279843,2,81.34693743019847,-39.979843677615904,81.19212962962962,-39.65773809523809,85.16237935462864,-28.63287803821008
2025-12-31,stable,True,test,Sideways,2,-0.08720733382055595,0.9995794173385963,2,74.520158293118,-24.787865797498284,74.54530423280423,-24.231150793650784,79.80142813326871,-20.34070198339427
2026-01-01,stable,True,test,Sideways,3,-0.09365163817301769,0.9999319987296955,2,69.48902441316726,29.193970424020577,69.45271164021165,28.670634920634924,75.46549441642134,19.882925206982478
2026-01-09,transition,True,test,Sideways,4,-0.1486015726589598,0.5422337775933018,1,51.5715666101244,-10.207731263126433,51.41369047619048,-10.243055555555557,57.823916337142784,0.7640401927120095
2026-01-13,transition,False,test,Volatile,1,-0.23323459946107927,0.7474707002952727,0,82.21556998267907,-45.40817796685448,82.05191798941799,-45.6845238095238,85.7053542005491,-35.11214113562205
2026-01-20,transition,False,test,Bullish,1,-0.22959337106892544,0.608188631850974,1,83.26244832234342,-18.599600355377177,82.72156084656085,-17.782738095238088,87.92016491040742,-26.13151312714497
2026-01-28,stable,True,test,Bearish,2,-0.084646001494995,0.9993532507939918,1,66.47369046188159,-7.70951703364797,65.2612433862434,-9.424603174603192,77.62107084226689,8.929948471998273
2026-01-29,stable,True,test,Bearish,3,-0.10226021364986607,0.9995398725873674,3,59.33983905210761,-7.514982483066042,58.399470899470906,-5.778769841269849,74.88644978821446,-7.010701449259159
2026-01-30,stable,True,test,Bearish,4,0.054136133728220764,0.9999999999997274,4,57.217790685096865,-12.543199813640172,56.0515873015873,-12.425595238095227,72.30887588389642,-17.85583189785048
2026-01-31,stable,True,test,Bearish,5,0.08537060401720964,0.9999999999999957,3,58.118618915586524,16.39452188714295,57.31646825396825,14.955357142857153,67.20663054559823,1.827075619260981
2026-02-01,stable,True,test,Bearish,6,0.2972484749010711,1.0,1,64.82991817063935,18.985060383124676,63.748346560846564,20.560515873015873,69.06211437802375,6.288471760971461
2026-02-02,stable,True,test,Bearish,0,0.33389226766553165,1.0,0,69.1713864414394,-2.2212796927089897,68.51851851851852,-1.9097222222222285,69.6166337362224,-0.8855378083599561
2026-02-03,stable,True,test,Bearish,1,0.3466443014174349,1.0,0,62.72613485424339,-23.075130639603557,61.921296296296305,-24.131944444444443,63.17138214902641,-23.075130639603557
2026-02-04,stable,True,test,Bearish,2,0.4478593056058835,1.0,0,57.4886296972634,-9.751859900215457,56.77910052910053,-9.176587301587297,58.104067787134625,-10.577029399299818
2026-02-05,stable,True,test,Bearish,3,0.5150865500288933,1.0,0,54.78907094233195,9.015798804084689,54.10052910052911,9.846230158730158,55.14003389661574,9.55811528167142
2026-02-06,stable,True,test,Bearish,4,0.8031082846510025,1.0,0,56.960845875624635,-0.8472903687855222,56.72123015873016,-0.8432539682539684,57.311808829908436,-1.3578627540501955
2026-02-07,stable,True,test,Bearish,5,0.8120033797809092,0.9999999999999932,0,53.35184025167695,-12.480200507264179,53.15806878306879,-11.830357142857139,53.532612410872524,-13.02251698485091
2026-02-08,stable,True,test,Bearish,6,0.8261462427586838,0.9999999999999997,0,51.21759370540055,-3.9022656346225304,50.801917989418,-5.084325396825399,51.21759370540055,-3.9022656346225304
2026-02-09,stable,True,test,Bearish,0,0.7915676695842697,0.999999999999821,0,48.809648892207896,2.7558920634795854,48.396164021164026,2.628968253968246,48.809648892207896,2.7558920634795854
2026-02-10,stable,True,test,Bearish,1,0.7718896759498821,0.9999999999998626,1,55.552180306215554,14.150133373587963,55.03472222222222,15.153769841269828,55.552180306215554,14.150133373587963
2026-02-11,stable,True,test,Bearish,2,0.7624140143399705,0.9999999999999893,3,59.9194090275905,16.423254969080254,60.55720899470899,18.700396825396822,60.060672139900866,16.847044306011334
2026-02-12,stable,True,test,Bearish,3,0.7750399640643254,0.9999999999999997,3,62.59911086536405,-9.432596665222775,63.30191798941798,-9.05257936507936,62.91961149319434,-8.894884118662965
2026-02-13,stable,True,test,Bearish,4,0.7705878934333344,1.0,2,58.075855066340125,-12.521320187608609,58.90376984126984,-14.608134920634917,58.98352930681841,-11.183588686595733
2026-02-14,stable,True,test,Bearish,5,0.7221670829070216,0.999999999991725,0,55.148897071516416,-0.3967245287114949,55.43154761904762,0.049603174603177536,56.940503389991335,2.141148495649695
2026-02-15,stable,True,test,Bearish,6,0.6673143675940183,0.9999999996543916,0,51.63807350367452,-6.395299971676721,51.81051587301587,-6.721230158730158,58.860806386503384,8.674271430000978
2026-02-16,stable,True,test,Bearish,0,0.6632852144621474,0.9999999998735658,0,53.13506373417508,0.7505244883642064,53.10019841269841,-0.32242063492063977,61.62725269011303,3.244827974714404
2026-02-17,stable,True,test,Bearish,1,0.6423154643866325,0.999999999817976,0,51.876827479666815,6.361037411289416,51.388888888888886,5.778769841269842,61.831287726923115,-3.007655383456189
2026-02-18,stable,True,test,Bearish,2,0.6396274399272854,0.9999999999373348,0,53.660036221267006,-5.53664443837782,53.125,-5.381944444444436,59.891001892495986,-5.445924984109325
2026-02-19,stable,True,test,Bearish,3,0.633021314767804,0.9999999999749966,0,53.05324792437987,2.704868361227554,52.38095238095239,2.5793650793650826,60.67324875082144,4.979463439260492
2026-02-20,stable,True,test,Bearish,4,0.5854767948180312,0.9999999937915782,0,52.06705019959754,-1.9471819878581371,51.29794973544974,-2.6785714285714235,61.07401310530273,4.015495183269074
2026-02-21,stable,True,test,Bearish,5,0.5396993003843275,0.9999993640967951,0,53.1880025057857,-0.353422629151936,52.290013227513235,-0.17361111111111427,62.24319846369267,-4.2851094839158606
2026-02-22,stable,True,test,Bearish,6,0.49201652356816294,0.9999756713061368,1,58.92737613774031,22.881582431438375,57.961309523809526,22.842261904761898,69.90306379650906,26.75676637426575
2026-03-02,transition,True,test,Bearish,0,0.5493238513076302,0.9894489100117232,1,58.88583187955472,5.8204196210962635,58.12665343915344,7.341269841269842,62.280654274541895,4.6759126248767515
2026-03-10,stable,True,test,Volatile,1,0.5330179797624005,0.9999934164844911,1,67.96294203949954,-8.920707567290215,67.63392857142857,-8.92857142857143,68.20492512659025,-8.194758306018052
2026-03-11,stable,True,test,Volatile,2,0.5102394705919854,0.9999574088895059,1,62.22036027495195,-19.80506550474088,61.93783068783069,-19.692460317460323,62.67522801270072,-19.16641155276676
2026-03-12,stable,True,test,Volatile,3,0.4839625815666814,0.9999843212991735,1,56.08440696318396,-6.909832156915662,55.70436507936508,-7.167658730158728,59.01642145892861,-0.20434114420017124
2026-03-13,stable,True,test,Volatile,4,0.4408725517218892,0.9999822845239243,0,53.7081709366168,1.1783296466511146,52.78604497354498,-0.5952380952380949,58.430040908616974,6.635191384715725
2026-03-14,stable,True,test,Volatile,5,0.4421446464807462,0.9999952238131699,0,54.56886211862551,1.1848679765892172,53.54662698412699,1.2896825396825378,59.85229370533617,-3.9232335012928345
2026-03-15,stable,True,test,Volatile,6,0.38729916678381787,0.9999951938529082,0,54.49810409101152,0.0066018399437908215,53.67890211640212,1.9841269841269806,66.21259169601849,20.63569447878166
2026-03-16,stable,True,test,Volatile,0,0.347683732415115,0.999999655477756,2,57.15358496705233,6.562698728747449,57.33300264550265,8.085317460317462,72.41426277268691,20.973446224563375
2026-03-17,stable,True,test,Volatile,1,0.3104028185582844,0.9999999534338754,2,66.08488159121113,28.191031931907617,66.16236772486774,27.3809523809524,80.57111313147718,1.4664236030310178
2026-03-18,stable,True,test,Volatile,2,0.3139301256415616,0.9999993160047719,2,69.2358448430578,1.4930489673613323,69.1468253968254,-0.024801587301581662,74.814472694343,-15.239240062626152
2026-03-19,stable,True,test,Volatile,3,0.3790332692223578,0.9999998886061359,1,66.9115454815037,-27.20408922839131,65.98875661375662,-27.876984126984148,67.80127630645914,-24.53669401545895
2026-03-20,stable,True,test,Volatile,4,0.3921073323731275,0.9999999697835107,2,61.75057404210542,3.2552278581728302,60.945767195767196,3.298611111111107,64.0135852049101,7.373271609786414
2026-03-21,stable,True,test,Volatile,5,0.3585666940059372,0.9999999221706396,3,62.79365950711546,11.595203447053834,62.87202380952382,15.228174603174615,65.0560715826088,8.927808234121471
2026-03-22,stable,True,test,Volatile,6,0.3708516817609914,0.9999962142683962,3,62.8904446278383,-11.430819548028005,63.31018518518519,-11.433531746031747,73.15245687938297,11.115535179510715
2026-03-23,stable,True,test,Volatile,0,0.3689948221239014,0.9998415884217965,3,58.5290421475961,-12.95823597758391,58.845899470899475,-15.87301587301588,70.24073296157526,-4.489359276732785
2026-03-24,stable,True,test,Volatile,1,0.3612511111406153,0.9999999771062759,2,55.82097951970841,3.1806602012222385,55.481150793650805,3.819444444444443,68.20999965814137,-21.453547566502714
2026-03-25,stable,True,test,Volatile,2,0.3538556767235863,0.9999999495273465,1,55.911873487442584,1.926069795901114,55.56382275132275,2.2073412698412653,61.228787928758884,-1.092928255213657
2026-03-26,stable,True,test,Volatile,3,0.31003278390980904,0.9999993281168571,0,56.39022287839085,-3.398999921076019,55.820105820105816,-5.00992063492064,60.74529149815646,0.15235134176163712
2026-03-27,stable,True,test,Volatile,4,0.35652050346870057,0.9999954798593355,0,56.2082772715851,2.3621414776024494,55.56382275132275,2.8025793650793673,63.33347216565111,7.254629624128704
2026-03-28,stable,True,test,Volatile,5,0.4103969248653793,0.99827426897866,1,55.37479030020355,-2.00943929108837,55.142195767195766,0.17361111111111427,64.19051810175715,2.928698844911729
2026-03-29,stable,True,test,Volatile,6,0.3716103455464355,0.9914061797667008,1,57.021680436967586,2.087507309633388,57.093253968253975,1.6121031746031846,64.62841074415142,-6.298512733539475
2026-03-30,stable,True,test,Volatile,0,0.35935749273041356,0.9841341692778345,1,59.866234537941956,13.396264694670208,57.40740740740741,5.009920634920633,64.8645205866237,5.391821343227413
2026-03-31,stable,True,test,Volatile,1,0.3369297936391808,0.9921452033309756,3,59.37934134588525,-8.410789277550613,56.440145502645514,-8.58134920634921,62.65115183199055,-5.025085346170528
2026-04-01,stable,True,test,Volatile,2,0.31079947720910733,0.9996359887306763,3,56.66360721942393,-14.593357372673658,53.81117724867725,-7.217261904761898,59.84436650446212,-15.427198243541632
2026-04-02,stable,True,test,Volatile,3,0.2866838224713128,0.9996836171505755,3,53.78778162304351,6.229467481699018,53.158068783068785,5.952380952380949,57.96310818328737,6.388152643602581
2026-04-03,stable,True,test,Volatile,4,0.3119794128637027,0.9974689842487925,0,55.30744524852045,4.295403978264218,54.81977513227514,4.290674603174601,60.74798736104244,11.749908169680005
2026-04-04,stable,True,test,Volatile,5,0.2676373015516324,0.9941794200104072,0,58.50986958454691,3.641392424547007,57.87037037037036,3.893849206349195,75.18881985220092,33.5390741934581
2026-04-05,stable,True,test,Volatile,6,0.21179032380500998,0.9955361999728082,1,60.39646409726881,7.33026014343384,57.6223544973545,0.2232142857142776,84.37084191159941,25.579581288532836
2026-04-06,stable,True,test,Volatile,0,0.1886988057670232,0.9996832689643579,1,70.81413017641388,25.94112920762008,68.03902116402116,26.3888888888889,92.16301318931748,-8.196075470641262
2026-04-07,stable,True,test,Volatile,1,0.17963039752542811,0.9989983273396541,2,71.3318231410485,-0.46531221971483916,68.51851851851852,6.0763888888889,81.95448209065465,-24.632585280725905
2026-04-08,stable,True,test,Volatile,2,0.21010024636902722,0.9995291889678835,3,67.71883720069678,-34.761695915056556,66.93121693121694,-35.78869047619048,69.26308159136774,-35.871134042482105
2026-04-16,transition,True,test,Volatile,3,0.13847331883724856,0.925945228146507,1,63.75441442013754,3.6783682017508923,62.60747354497355,4.985119047619051,70.15824712583013,-9.455992082688688
2026-04-24,stable,True,test,Bullish,4,0.09475646468742648,0.999993748300242,2,55.35309548097579,-2.97952321646558,54.05919312169312,-4.191468253968253,63.71033737307749,-18.19505689129982
2026-04-25,stable,True,test,Bullish,5,0.07049919379377081,0.9997434262752918,2,56.82242098442924,-2.6636914493401065,55.20006613756613,-2.0833333333333357,69.55976986148823,28.86544976299006
2026-04-26,stable,True,test,Bullish,6,0.017169816738346295,0.9999848054001373,2,63.68518977313145,30.639497542272665,62.4834656084656,31.54761904761905,79.79191042363193,37.5743262799731
2026-04-27,stable,True,test,Bullish,0,-0.015330005654829415,0.9999998690761653,1,76.8685035073044,32.16244147569293,76.04166666666667,33.06051587301588,91.97668405834717,0.8109665476136598
2026-04-28,stable,True,test,Bullish,1,0.024601754648061466,0.9982119742578563,1,76.67152503757072,-23.842933224647794,76.34755291005291,-23.015873015873026,82.6653990477743,-29.764826955159677
2026-04-29,stable,True,test,Bullish,2,0.02206769295113617,0.6820997389065778,0,74.29767084906503,-16.032006225763226,73.75992063492065,-16.88988095238095,76.82609041992104,-16.497920507732402
2026-04-30,stable,True,test,Bullish,3,0.05042410709397445,0.9983188470881346,2,63.96739939445377,1.7625625210602038,63.24404761904762,0.595238095238102,68.50970868781435,3.7956763830122213
2026-05-01,stable,True,test,Bullish,4,0.012197339575896955,0.9998307729810474,2,70.65189406456935,3.332113351215966,69.7420634920635,4.241071428571431,75.40676654387865,8.444272496592987
2026-05-02,stable,True,test,Bullish,5,0.0,0.5634102697484187,2,68.91851613034613,9.758674335400897,68.39451058201058,10.615079365079367,74.83357711695925,6.731656407829476
2026-05-03,stable,True,test,Bullish,6,-0.04170439747303547,0.999152119641909,1,69.92102464712262,-15.283395938957064,69.99834656084657,-14.087301587301596,73.37301616801166,-21.277180032023402
2026-05-04,stable,True,test,Bullish,0,-0.06794067802542907,0.9999626271254266,1,64.12467602106622,-8.856798724283564,64.13690476190476,-9.300595238095248,65.89345418256072,-12.274845179001659
2026-05-05,stable,True,test,Bullish,1,-0.07018193001685984,0.9999999572484063,1,64.10762310398208,6.699990033819013,64.37665343915343,6.522817460317469,64.75983758486956,7.712489461598743
2026-05-06,stable,True,test,Bullish,2,-0.08963206367171458,0.9999999998394765,0,68.93274432275194,16.581013595521725,68.62599206349206,16.24503968253969,69.58495880363942,15.63686958063903
2026-05-07,stable,True,test,Bullish,3,-0.09782772569095782,0.9999999999997066,0,68.48706978266806,-10.142663593282805,68.45238095238095,-10.540674603174622,69.61288658784427,-8.79021203331365
2026-05-15,transition,True,test,Bullish,4,-0.10543648878811171,0.9981977432569124,1,71.39111662873931,-0.15390288431991905,70.47784391534391,1.7361111111111,74.99641957988563,-3.316975245396037
2026-05-22,transition,False,test,Volatile,4,-0.14811724911335344,0.9332714045660341,0,89.86988654912373,-10.937976718875703,89.50066137566138,-11.507936507936506,92.30066199492228,-6.223515694492107
2026-05-30,stable,True,test,Bearish,5,-0.07760929805394036,0.9999999999999675,2,66.54995397683498,-13.378655758996764,65.87301587301587,-12.40079365079366,70.18990636442184,-15.17172842077811
2026-05-31,stable,True,test,Bearish,6,-0.12222039247783469,0.9999999999996665,2,73.63268886317202,30.693882133709366,73.04894179894181,32.26686507936508,75.29063536184671,30.560614620951867
2026-06-01,stable,True,test,Bearish,0,-0.1588852905504126,0.9999999999999951,1,84.14652383873157,35.47448321097716,84.11871693121694,34.87103174603175,85.6994905091578,31.139866234034088
2026-06-02,stable,True,test,Bearish,1,-0.06861683003977398,1.0,0,85.73758699501757,-29.853670949149873,85.5654761904762,-29.588293650793645,87.00003157426846,-26.5722922177207
2026-06-03,stable,True,test,Bearish,2,0.11142451273835466,1.0,1,78.61660290794521,-22.210575054186393,78.46395502645503,-22.24702380952381,81.62260646323492,-16.798226154082016
2026-06-04,stable,True,test,Bearish,3,0.18922410133461864,1.0,1,70.77112795011209,7.164868868619834,70.14715608465609,5.580357142857139,73.76128583180763,3.6542811444201817
2026-06-05,stable,True,test,Bearish,4,0.22307086128569517,1.0,1,69.12981301718561,-13.414663486712172,68.43584656084657,-13.41765873015872,70.9497749908146,-18.874549407599105
2026-06-06,stable,True,test,Bearish,5,0.340980425522137,1.0,0,67.45488449215458,-3.698935755780184,66.64186507936509,-2.6785714285714306,67.45488449215458,-3.698935755780184
2026-06-07,stable,True,test,Bearish,6,0.32219856098842337,1.0,0,65.61212684929242,6.5605407388127475,64.99669312169313,5.778769841269835,65.61212684929242,6.5605407388127475
2026-06-08,stable,True,test,Bearish,0,0.30382543113129834,1.0,0,64.05031697924868,-13.075307521750254,63.425925925925924,-12.748015873015873,64.05031697924868,-13.075307521750254
2026-06-09,stable,True,test,Bearish,1,0.2831077933406048,1.0,1,58.92275171561426,-13.553358618096972,58.19279100529101,-13.442460317460316,59.1613145154814,-12.837670218495546
2026-06-10,stable,True,test,Bearish,2,0.308987628088454,1.0,1,54.77494325630777,-1.1974550289755186,54.36507936507937,-0.9920634920634939,55.46523148291167,0.15772125123477565
2026-06-11,stable,True,test,Bearish,3,0.29711180129250225,1.0,1,54.4595717444059,1.3612737334474048,54.08399470899471,2.1081349206349174,55.485555018249094,1.6526704755638235
2026-06-12,stable,True,test,Bearish,4,0.25124961314227523,1.0,0,55.256128098095154,1.2797358208902807,55.17526455026455,1.3144841269841265,57.062980462543315,2.982855212096311
2026-06-13,stable,True,test,Bearish,5,0.22285162025798877,1.0,0,55.53098471110287,0.5732293457532194,55.37367724867725,0.4464285714285694,61.34024707875552,12.928550493859149
2026-06-14,stable,True,test,Bearish,6,0.16642750661542782,1.0,1,57.098748934136076,3.6748973414792445,56.25,1.463293650793652,73.55397149031633,33.56156737736358
2026-06-22,transition,True,test,Bearish,0,0.034087480207488634,0.7183049170548513,1,56.16831169017453,19.252076171325044,54.86937830687831,18.45238095238095,81.11629812840651,15.095826694459262
2026-06-28,transition,False,test,Sideways,6,0.14750943763366955,0.7303164025005034,3,58.05408340419771,-11.624393163875652,58.035714285714285,-12.251984126984127,67.35248156158218,11.027813120128528
2026-07-05,transition,False,test,Bearish,6,0.04497550520046777,0.599535299270479,1,60.33596942277859,12.991287874254581,59.970238095238095,13.020833333333343,65.73989740341034,9.21367353750697
2026-07-10,transition,False,test,Volatile,4,0.018096130947935423,0.7246558223086751,3,53.93473560112193,-6.513510997704195,53.844246031746046,-6.870039682539684,61.910310216230506,1.8624378708214593
2026-07-18,stable,True,test,Sideways,5,-0.11512419511304015,0.9434560354389913,1,57.9751902084539,-17.71922051511944,56.72123015873016,-18.08035714285714,63.19872775177305,-6.095925312516144
2026-07-19,stable,True,test,Sideways,6,-0.16486381482105,0.9674986338602755,2,56.17294119202656,11.526628737226723,54.99338624338625,12.673611111111107,67.25328506002239,25.53460135280197
2026-07-20,stable,True,test,Sideways,0,-0.20915678401585927,0.9786286518058025,1,66.03415202023443,30.369477213234283,65.36871693121692,31.349206349206355,76.10046551772484,19.26653725756951
2026-07-21,stable,True,test,Sideways,1,-0.18068210731721773,0.9962608089731009,1,69.57889148452989,-1.6782550729509893,69.3617724867725,-0.9176587301587205,80.61609035590453,-4.712722722725061
2026-07-22,stable,True,test,Sideways,2,-0.20162187376671192,0.9999563096430739,1,67.65688545228342,-23.823021844136278,68.03075396825398,-22.44543650793652,73.95829400267378,-20.980329079997617
2026-07-23,stable,True,test,Sideways,3,-0.22057219135517683,0.9984333982686929,2,61.34339659762704,0.7947922563786776,61.582341269841265,0.024801587301581662,68.29236011918645,-11.278138907431597
2026-07-24,stable,True,test,Sideways,4,-0.21015825705625665,0.9251307213346149,2,66.97875539771512,20.99383942405268,67.06349206349206,19.518849206349216,69.53791725036827,18.99733773051267
2026-07-25,stable,True,test,Sideways,5,-0.18382550210051352,0.5081778179926045,1,72.20914245517464,10.808605892211496,71.61871693121694,10.56547619047619,74.6734561499128,11.424089269097962
2026-07-26,stable,True,test,Sideways,6,-0.2335762548517206,0.7017732860376396,0,78.47078156178168,2.673633175935535,77.97619047619048,2.653769841269849,80.07542542439192,1.1910975224603106
2026-07-27,stable,True,test,Sideways,0,-0.2676836923613246,0.7301078907257893,0,82.88036057828295,18.531415301177873,82.48181216931216,19.370039682539684,84.18401195962063,15.916480637565243
2026-07-28,stable,True,test,Sideways,1,-0.2233650829375716,0.6723950195789787,0,81.88180250002496,-10.971985662383574,81.49801587301589,-11.458333333333343,84.05013161183196,-5.183459597705408
2026-07-29,stable,True,test,Sideways,2,-0.24106095786578646,0.8062263995054189,0,76.01501857114887,-28.155455660196537,75.73578042328042,-28.14980158730158,79.70480015972377,-24.1706564395504
2026-07-30,stable,True,test,Sideways,3,-0.2513574117392258,0.9232553103473846,0,65.68746628742011,-9.455567315234475,65.56712962962963,-8.18452380952381,72.36978638724145,-5.6869196365157535
2026-07-31,stable,True,test,Sideways,4,-0.2682730189917758,0.9751397924124632,0,65.09978582391378,4.865324733725714,65.00496031746032,4.1418650793650755,72.98209124427659,9.689449329724567
2026-08-01,stable,True,test,Sideways,5,-0.185726500355122,0.991557156192106,0,66.07728189163603,5.759689394156567,65.86474867724867,4.9355158730158735,74.40592043097193,2.1058724379826828
2026-08-02,stable,True,test,Sideways,6,-0.22134020721252262,0.9963236388382563,0,73.04703982430001,13.216747873276447,72.61078042328042,13.740079365079367,78.48722687092679,4.720085112243339
2026-08-03,stable,True,test,Sideways,0,-0.2634307303163511,0.9978251876916965,0,76.05123007954239,10.94540729628605,75.68617724867725,10.788690476190467,79.17385414946669,7.477843605258215
2026-08-04,stable,True,test,Sideways,1,-0.2569697234623105,0.9976086467407845,0,74.66983300839944,-19.293775617264238,74.28075396825398,-19.518849206349216,77.54723407019894,-15.017907119685105
2026-08-05,stable,True,test,Sideways,2,-0.2848989264150645,0.9958311861376512,0,75.83369616327141,7.69576657216524,75.06613756613757,6.870039682539698,78.82028184054344,6.47934658765719
2026-08-06,stable,True,test,Sideways,3,-0.31496222376913724,0.9985988515545022,0,80.38061660849392,28.730359845382416,79.54695767195768,28.447420634920647,82.67185040159394,23.912409526212997
2026-08-07,stable,True,test,Sideways,4,-0.3446116891129441,0.9988528444241801,0,90.16206241955864,6.5589723513140115,89.36838624338624,7.589285714285708,90.77991769996662,5.48715146439929
2026-08-08,stable,True,test,Sideways,5,-0.36853837199314543,0.9998369121921781,0,88.85254174771687,-9.873556779027538,88.4507275132275,-9.325396825396837,90.67627589188328,-5.386284519744322
2026-08-09,stable,True,test,Sideways,6,-0.42274173934748405,0.99993991323412,0,90.16576138265607,3.325681317005845,89.97189153439155,3.5466269841269877,91.90214214311023,3.265806384775914
2026-08-10,stable,True,test,Sideways,0,-0.45682760863527344,0.9999565808745924,0,85.57115866584178,-3.2962737836035956,85.30919312169313,-3.6458333333333286,87.34246628989017,-7.880950671010908
2026-08-11,stable,True,test,Sideways,1,-0.4322438338005854,0.9999151224305867,0,86.38478095279088,-11.37234882299785,86.11937830687832,-11.458333333333343,86.77995232592157,-10.751425165330971
2026-08-12,stable,True,test,Sideways,2,-0.43277846112636087,0.9999756280330859,0,78.19318181341713,-7.465307950672511,77.83564814814815,-7.316468253968239,79.1862990142917,-5.83612599045351
2026-08-20,transition,True,test,Sideways,3,-0.39195714092838707,0.9999997182600465,3,64.76288694098163,0.9374220769218908,64.23611111111111,-1.0416666666666572,65.59504804171266,-0.28593510505379527
2026-08-28,stable,True,test,Bullish,4,-0.17101592090689052,1.0,0,60.67404460755704,7.810581202496117,60.226521164021165,7.713293650793652,60.987769729814495,8.084194874630207
2026-08-29,stable,True,test,Bullish,5,-0.07087135112819665,1.0,1,58.39263160667297,9.12550058523972,57.9943783068783,8.878968253968253,59.803509597010056,11.749397494840345
2026-08-30,stable,True,test,Bullish,6,-0.12055459352411137,1.0,1,58.553758547349524,-23.296939968358416,58.22585978835979,-22.59424603174603,70.95325802770905,10.06287252421312
2026-08-31,stable,True,test,Bullish,0,-0.11170976711053028,1.0,2,53.195575894475475,-1.4197277534737651,53.00925925925926,-1.2400793650793602,74.28825374100917,21.64196241294387
2026-09-01,stable,True,test,Bullish,1,-0.13815810102080905,1.0,1,53.09143326347115,8.32969187019711,52.70337301587301,7.266865079365083,77.38428477956113,-12.411754681600769
2026-09-09,transition,True,test,Bullish,2,-0.1623894505461823,0.999766033214271,0,86.53678966144126,-24.612407099632307,86.11111111111113,-25.421626984126988,88.59054017843395,-20.026218107352335
2026-09-18,transition,True,test,Volatile,4,-0.1862022836658484,0.999999999809005,0,68.16349781039078,33.233662559759544,67.55952380952381,32.66369047619048,73.77573394286861,37.96028547410479
